[
{
    "pk": 1, 
    "model": "authentication.mensaje", 
    "fields": {
        "caso": "Creaci\u00f3n de usuario (email)", 
        "mensaje": "Hemos creado su cuenta exitosamente.\r\n\r\nSu usuario es: <cuenta>\r\nSu contrase\u00f1a es: <clave>\r\n\r\nPor favor, recuerde cambiarla desde su cuenta una vez ingrese en su sesi\u00f3n.\r\n\r\nCordialmente.\r\nSUSCERTE\r\nSuperintendencia de Servicios de Sertificaci\u00f3n Electr\u00f3nica"
    }
},
{
    "pk": 2, 
    "model": "authentication.mensaje", 
    "fields": {
        "caso": "Creaci\u00f3n de usuario (web)", 
        "mensaje": "Se creo la cuenta del nuevo usuario satisfactoriamente y se env\u00edo autom\u00e1ticamente un email al correo registrado, para ingresar al sistema."
    }
},
{
    "pk": 3, 
    "model": "authentication.mensaje", 
    "fields": {
        "caso": "Aprobaci\u00f3n como auditor", 
        "mensaje": "Caracas,  \r\n\r\nCiudadano \r\n<PRIMER_NOMBRE> <PRIMER_APELLIDO>\r\nC.I. N\u00b0 V-<CEDULA>\r\nPresente.-\r\n\r\nPor medio del presente y de conformidad con lo establecido en el art\u00edculo 73 y siguientes de la Ley Org\u00e1nica de Procedimientos Administrativos, cumplo con notificarle la decisi\u00f3n contenida del Providencia Administrativa N\u00ba 011-13, de fecha <FECHA>,  emitida por la SUPERINTENDENCIA DE SERVICIOS DE CERTIFICACI\u00d3N ELECTR\u00d3NICA (SUSCERTE), \u00f3rgano desconcentrado adscrito al Ministerio del Poder Popular para Ciencia, Tecnolog\u00eda e Innovaci\u00f3n, actuando como \u00f3rgano competente, a trav\u00e9s de la cual se resolvi\u00f3 aprobar su inscripci\u00f3n en el Registro de Auditores de esta Superintendencia por el lapso de tres (03) a\u00f1os contados a partir de la fecha de emisi\u00f3n del referido acto, ello de conformidad con los fundamentos de hecho y de derecho explanados en la motivaci\u00f3n del documento cuyo original se acompa\u00f1a a la presente notificaci\u00f3n. "
    }
},
{
    "pk": 4, 
    "model": "authentication.mensaje", 
    "fields": {
        "caso": "No aprobaci\u00f3n como auditor", 
        "mensaje": "Caracas,  \r\n\r\nCiudadano \r\n<PRIMER_NOMBRE> <PRIMER_APELLIDO>\r\nC.I. N\u00b0 V-<CEDULA>\r\nPresente.-\r\n\r\nPor medio del presente y de conformidad con lo establecido en los art\u00edculos 73 y 75 la Ley Org\u00e1nica de Procedimientos Administrativos, cumplo con notificarle la decisi\u00f3n contenida del Providencia Administrativa N\u00ba 019-13, de fecha <FECHA>,  emitida por la SUPERINTENDENCIA DE SERVICIOS DE CERTIFICACI\u00d3N ELECTR\u00d3NICA (SUSCERTE), \u00f3rgano desconcentrado adscrito al Ministerio del Poder Popular para Ciencia, Tecnolog\u00eda e Innovaci\u00f3n, actuando como \u00f3rgano competente, a trav\u00e9s de la cual se resolvi\u00f3 negar su solicitud de inscripci\u00f3n en el Registro de Auditores de esta Superintendencia, ello de conformidad con los fundamentos de hecho y de derecho explanados en la motivaci\u00f3n del referido acto administrativo, cuyo documento original se acompa\u00f1a a la presente notificaci\u00f3n. \r\n\r\nDe igual forma, se le hace expresa menci\u00f3n que de considerar lesionado sus derechos o intereses leg\u00edtimos con la presente decisi\u00f3n, podr\u00e1 ejercer Recurso de Reconsideraci\u00f3n, por ante este mismo despacho, dentro de los quince (15) d\u00edas h\u00e1biles siguientes a su notificaci\u00f3n, conforme al art\u00edculo 94 de la Ley Org\u00e1nica de Procedimientos Administrativos. Igualmente, podr\u00e1 recurrir del mencionado acto, sin necesidad de agotar previamente la v\u00eda administrativa, por ante los tribunales de la Jurisdicci\u00f3n Contencioso Administrativa competentes, de conformidad con los art\u00edculos 27 y 32 de la Ley Org\u00e1nica de la Jurisdicci\u00f3n Contencioso Administrativa, dentro de los ciento ochenta (180) d\u00edas siguientes a la notificaci\u00f3n."
    }
},
{
    "pk": 5, 
    "model": "authentication.mensaje", 
    "fields": {
        "caso": "Postulaci\u00f3n de cita", 
        "mensaje": "Saludos cordiales.\r\n\r\nPor medio del presente se le informa que su cita para continuar en el proceso de Registro de Auditores ante la SUPERINTENDENCIA DE SERVICIOS DE CERTIFICACI\u00d3N ELECTR\u00d3NICA (SUSCERTE), fue asignada con fecha <fecha>.\r\n\r\nDirecci\u00f3n: Av. Andr\u00e9s Bello. Edif. BFC. Piso 13. SUSCERTE. Caracas. Venezuela."
    }
},
{
    "pk": 6, 
    "model": "authentication.mensaje", 
    "fields": {
        "caso": "Propuesta de cita", 
        "mensaje": "Ha llegado una nueva solicitud de cita para entrevista, por lo que este correo le ha llegado a los operadores para definir su fecha. Ahora mismo puede revisar la propuesta en: <LINK>"
    }
},
{
    "pk": 1, 
    "model": "contenttypes.contenttype", 
    "fields": {
        "model": "logentry", 
        "name": "log entry", 
        "app_label": "admin"
    }
},
{
    "pk": 2, 
    "model": "contenttypes.contenttype", 
    "fields": {
        "model": "permission", 
        "name": "permission", 
        "app_label": "auth"
    }
},
{
    "pk": 3, 
    "model": "contenttypes.contenttype", 
    "fields": {
        "model": "group", 
        "name": "group", 
        "app_label": "auth"
    }
},
{
    "pk": 4, 
    "model": "contenttypes.contenttype", 
    "fields": {
        "model": "user", 
        "name": "user", 
        "app_label": "auth"
    }
},
{
    "pk": 5, 
    "model": "contenttypes.contenttype", 
    "fields": {
        "model": "userprofile", 
        "name": "Usuario", 
        "app_label": "auth"
    }
},
{
    "pk": 6, 
    "model": "contenttypes.contenttype", 
    "fields": {
        "model": "mensaje", 
        "name": "mensaje", 
        "app_label": "auth"
    }
},
{
    "pk": 7, 
    "model": "contenttypes.contenttype", 
    "fields": {
        "model": "logentry", 
        "name": "log entry", 
        "app_label": "auth"
    }
},
{
    "pk": 8, 
    "model": "contenttypes.contenttype", 
    "fields": {
        "model": "contenttype", 
        "name": "content type", 
        "app_label": "contenttypes"
    }
},
{
    "pk": 9, 
    "model": "contenttypes.contenttype", 
    "fields": {
        "model": "session", 
        "name": "session", 
        "app_label": "sessions"
    }
},
{
    "pk": 10, 
    "model": "contenttypes.contenttype", 
    "fields": {
        "model": "site", 
        "name": "site", 
        "app_label": "sites"
    }
},
{
    "pk": 11, 
    "model": "contenttypes.contenttype", 
    "fields": {
        "model": "accessattempt", 
        "name": "access attempt", 
        "app_label": "axes"
    }
},
{
    "pk": 12, 
    "model": "contenttypes.contenttype", 
    "fields": {
        "model": "accesslog", 
        "name": "access log", 
        "app_label": "axes"
    }
},
{
    "pk": 13, 
    "model": "contenttypes.contenttype", 
    "fields": {
        "model": "certificacion", 
        "name": "certificaci\u00f3n", 
        "app_label": "curriculum"
    }
},
{
    "pk": 14, 
    "model": "contenttypes.contenttype", 
    "fields": {
        "model": "cita", 
        "name": "cita", 
        "app_label": "curriculum"
    }
},
{
    "pk": 15, 
    "model": "contenttypes.contenttype", 
    "fields": {
        "model": "listaidiomas", 
        "name": "lista de idiomas", 
        "app_label": "curriculum"
    }
},
{
    "pk": 16, 
    "model": "contenttypes.contenttype", 
    "fields": {
        "model": "idioma", 
        "name": "idioma", 
        "app_label": "curriculum"
    }
},
{
    "pk": 17, 
    "model": "contenttypes.contenttype", 
    "fields": {
        "model": "conocimiento", 
        "name": "conocimiento", 
        "app_label": "curriculum"
    }
},
{
    "pk": 18, 
    "model": "contenttypes.contenttype", 
    "fields": {
        "model": "habilidad", 
        "name": "habilidad", 
        "app_label": "curriculum"
    }
},
{
    "pk": 19, 
    "model": "contenttypes.contenttype", 
    "fields": {
        "model": "tipocompetencia", 
        "name": "tipo de competencia", 
        "app_label": "curriculum"
    }
},
{
    "pk": 20, 
    "model": "contenttypes.contenttype", 
    "fields": {
        "model": "listacompetencia", 
        "name": "lista de competancia", 
        "app_label": "curriculum"
    }
},
{
    "pk": 21, 
    "model": "contenttypes.contenttype", 
    "fields": {
        "model": "competencia", 
        "name": "competencia", 
        "app_label": "curriculum"
    }
},
{
    "pk": 22, 
    "model": "contenttypes.contenttype", 
    "fields": {
        "model": "aprobacion", 
        "name": "aprobaci\u00f3n", 
        "app_label": "curriculum"
    }
},
{
    "pk": 23, 
    "model": "contenttypes.contenttype", 
    "fields": {
        "model": "instrumento", 
        "name": "instrumento", 
        "app_label": "curriculum"
    }
},
{
    "pk": 24, 
    "model": "contenttypes.contenttype", 
    "fields": {
        "model": "evaluacion", 
        "name": "evaluaci\u00f3n", 
        "app_label": "curriculum"
    }
},
{
    "pk": 25, 
    "model": "contenttypes.contenttype", 
    "fields": {
        "model": "curso", 
        "name": "curso", 
        "app_label": "curriculum"
    }
},
{
    "pk": 26, 
    "model": "contenttypes.contenttype", 
    "fields": {
        "model": "laboral", 
        "name": "laboral", 
        "app_label": "curriculum"
    }
},
{
    "pk": 27, 
    "model": "contenttypes.contenttype", 
    "fields": {
        "model": "educacion", 
        "name": "educaci\u00f3n", 
        "app_label": "curriculum"
    }
},
{
    "pk": 28, 
    "model": "contenttypes.contenttype", 
    "fields": {
        "model": "tipoeducacion", 
        "name": "tipos de educaci\u00f3n", 
        "app_label": "curriculum"
    }
},
{
    "pk": 29, 
    "model": "contenttypes.contenttype", 
    "fields": {
        "model": "ambito", 
        "name": "\u00e1mbito", 
        "app_label": "curriculum"
    }
},
{
    "pk": 30, 
    "model": "contenttypes.contenttype", 
    "fields": {
        "model": "pais", 
        "name": "pa\u00eds", 
        "app_label": "lugares"
    }
},
{
    "pk": 31, 
    "model": "contenttypes.contenttype", 
    "fields": {
        "model": "estado", 
        "name": "estado", 
        "app_label": "lugares"
    }
},
{
    "pk": 32, 
    "model": "contenttypes.contenttype", 
    "fields": {
        "model": "institucion", 
        "name": "instituci\u00f3n", 
        "app_label": "lugares"
    }
},
{
    "pk": 33, 
    "model": "contenttypes.contenttype", 
    "fields": {
        "model": "nacionalidad", 
        "name": "nacionalidad", 
        "app_label": "lugares"
    }
},
{
    "pk": 34, 
    "model": "contenttypes.contenttype", 
    "fields": {
        "model": "estatus", 
        "name": "estatus", 
        "app_label": "personas"
    }
},
{
    "pk": 35, 
    "model": "contenttypes.contenttype", 
    "fields": {
        "model": "persona", 
        "name": "persona", 
        "app_label": "personas"
    }
},
{
    "pk": 36, 
    "model": "contenttypes.contenttype", 
    "fields": {
        "model": "auditor", 
        "name": "auditor", 
        "app_label": "personas"
    }
},
{
    "pk": 37, 
    "model": "contenttypes.contenttype", 
    "fields": {
        "model": "certificadoelectronico", 
        "name": "certificado electr\u00f3nico", 
        "app_label": "personas"
    }
},
{
    "pk": "0gql6bd2949mpi03ydew3ayfsrd96s0d", 
    "model": "sessions.session", 
    "fields": {
        "expire_date": "2014-10-06T15:09:48.376Z", 
        "session_data": "MDU1MDdmMWExMWQ3MjlmMThmMDI0MjViNDNkZGE4YWRhYzE4YjUzNzqAAn1xAShVCmxhc3RfdG91Y2hjZGF0ZXRpbWUKZGF0ZXRpbWUKcQJVCgfeCRYKJzAFnfSFUnEDVQ1fYXV0aF91c2VyX2lkSwFVEl9hdXRoX3VzZXJfYmFja2VuZFUpZGphbmdvLmNvbnRyaWIuYXV0aC5iYWNrZW5kcy5Nb2RlbEJhY2tlbmR1Lg=="
    }
},
{
    "pk": "nuvv5bpiqbtzhkzlw6544cssirm9xq3x", 
    "model": "sessions.session", 
    "fields": {
        "expire_date": "2014-06-30T14:40:19.043Z", 
        "session_data": "ZmM1MTIwYTQ4MTA1YThiMDUxMGRkOTc1MTQwMGE3YmM2OGVjYzg0YjqAAn1xAShVCmxhc3RfdG91Y2hxAmNkYXRldGltZQpkYXRldGltZQpxA1UKB94GEAoKEg2WPIVScQRVDV9hdXRoX3VzZXJfaWRLAlUSX2F1dGhfdXNlcl9iYWNrZW5kVSlkamFuZ28uY29udHJpYi5hdXRoLmJhY2tlbmRzLk1vZGVsQmFja2VuZHUu"
    }
},
{
    "pk": "r1twhiaswskm3k58cyjqz95obcnxlbcu", 
    "model": "sessions.session", 
    "fields": {
        "expire_date": "2014-06-30T14:42:12.400Z", 
        "session_data": "NjE0MzE5NDIzMGUwYWY2ZTY5MTUyNTk5NWI2MTVlZTY4YTE0ZmM2ZjqAAn1xAShVCmxhc3RfdG91Y2hjZGF0ZXRpbWUKZGF0ZXRpbWUKcQJVCgfeBhAKDAwGB1GFUnEDVRJfYXV0aF91c2VyX2JhY2tlbmRVKWRqYW5nby5jb250cmliLmF1dGguYmFja2VuZHMuTW9kZWxCYWNrZW5kVQ1fYXV0aF91c2VyX2lkSwF1Lg=="
    }
},
{
    "pk": "ut7k8buquizby7w8ytymyk14z083llth", 
    "model": "sessions.session", 
    "fields": {
        "expire_date": "2014-10-06T15:04:34.627Z", 
        "session_data": "MTQ2NjlhZDU5Y2U4NjcwYmYzMTdhYWQ3MjhhMDhjZDMxNzc3ZDE1MjqAAn1xAShVCmxhc3RfdG91Y2hjZGF0ZXRpbWUKZGF0ZXRpbWUKcQJVCgfeCRYKIiIJf5WFUnEDVRJfYXV0aF91c2VyX2JhY2tlbmRVKWRqYW5nby5jb250cmliLmF1dGguYmFja2VuZHMuTW9kZWxCYWNrZW5kVQ1fYXV0aF91c2VyX2lkSwR1Lg=="
    }
},
{
    "pk": 1, 
    "model": "sites.site", 
    "fields": {
        "domain": "10.16.13.114:8000", 
        "name": "SUSCERTE"
    }
},
{
    "pk": 1, 
    "model": "curriculum.certificacion", 
    "fields": {
        "persona": 1, 
        "fecha_fin": "2014-06-15", 
        "institucion": 3, 
        "fecha_inicio": "2014-06-02", 
        "pais": 7, 
        "titulo": "Ingeniero en Inform\u00e1tica", 
        "codigo_certificacion": "32123"
    }
},
{
    "pk": 1, 
    "model": "curriculum.listaidiomas", 
    "fields": {
        "nombre": "Alem\u00e1n"
    }
},
{
    "pk": 2, 
    "model": "curriculum.listaidiomas", 
    "fields": {
        "nombre": "\u00c1rabe"
    }
},
{
    "pk": 3, 
    "model": "curriculum.listaidiomas", 
    "fields": {
        "nombre": "Chino"
    }
},
{
    "pk": 4, 
    "model": "curriculum.listaidiomas", 
    "fields": {
        "nombre": "Espa\u00f1ol"
    }
},
{
    "pk": 5, 
    "model": "curriculum.listaidiomas", 
    "fields": {
        "nombre": "Franc\u00e9s"
    }
},
{
    "pk": 6, 
    "model": "curriculum.listaidiomas", 
    "fields": {
        "nombre": "Ingl\u00e9s"
    }
},
{
    "pk": 7, 
    "model": "curriculum.listaidiomas", 
    "fields": {
        "nombre": "Italiano"
    }
},
{
    "pk": 8, 
    "model": "curriculum.listaidiomas", 
    "fields": {
        "nombre": "Japon\u00e9s"
    }
},
{
    "pk": 9, 
    "model": "curriculum.listaidiomas", 
    "fields": {
        "nombre": "Portugu\u00e9s"
    }
},
{
    "pk": 10, 
    "model": "curriculum.listaidiomas", 
    "fields": {
        "nombre": "Ruso"
    }
},
{
    "pk": 1, 
    "model": "curriculum.idioma", 
    "fields": {
        "nivel_escrito": "2", 
        "idioma": 1, 
        "nivel_hablado": "2", 
        "persona": 1, 
        "nivel_leido": "3"
    }
},
{
    "pk": 1, 
    "model": "curriculum.conocimiento", 
    "fields": {
        "otros_conocimientos": "asdasd", 
        "usuario": 1
    }
},
{
    "pk": 1, 
    "model": "curriculum.habilidad", 
    "fields": {
        "habilidad": "fdfghjmk", 
        "usuario": 1
    }
},
{
    "pk": 1, 
    "model": "curriculum.tipocompetencia", 
    "fields": {
        "nombre": "Nivel acad\u00e9mico", 
        "puntaje_maximo": 8.0
    }
},
{
    "pk": 2, 
    "model": "curriculum.tipocompetencia", 
    "fields": {
        "nombre": "Conocimientos b\u00e1sico", 
        "puntaje_maximo": 12.0
    }
},
{
    "pk": 3, 
    "model": "curriculum.tipocompetencia", 
    "fields": {
        "nombre": "Conocimientos complementarios", 
        "puntaje_maximo": 15.0
    }
},
{
    "pk": 4, 
    "model": "curriculum.tipocompetencia", 
    "fields": {
        "nombre": "Conocimientos requeridos", 
        "puntaje_maximo": 10.0
    }
},
{
    "pk": 5, 
    "model": "curriculum.tipocompetencia", 
    "fields": {
        "nombre": "Competencia de prueba", 
        "puntaje_maximo": 10.0
    }
},
{
    "pk": 1, 
    "model": "curriculum.listacompetencia", 
    "fields": {
        "nombre": "Redes, telecomunicaciones ", 
        "puntaje_maximo": 2.0, 
        "tipo_puntaje": "float", 
        "puntaje_minimo": 0.0, 
        "tipo": 2
    }
},
{
    "pk": 2, 
    "model": "curriculum.listacompetencia", 
    "fields": {
        "nombre": "Equipamiento TIC, instalaci\u00f3n, configuraci\u00f3n y mantenimiento de equipos TIC ", 
        "puntaje_maximo": 1.0, 
        "tipo_puntaje": "float", 
        "puntaje_minimo": 0.0, 
        "tipo": 2
    }
},
{
    "pk": 3, 
    "model": "curriculum.listacompetencia", 
    "fields": {
        "nombre": "Desarrollo, mantenimiento, instalaci\u00f3n y configuraci\u00f3n de sistemas y aplicaciones", 
        "puntaje_maximo": 1.0, 
        "tipo_puntaje": "float", 
        "puntaje_minimo": 0.0, 
        "tipo": 2
    }
},
{
    "pk": 4, 
    "model": "curriculum.listacompetencia", 
    "fields": {
        "nombre": "Riesgo, seguridad de la informaci\u00f3n, control y auditor\u00eda TIC", 
        "puntaje_maximo": 2.0, 
        "tipo_puntaje": "float", 
        "puntaje_minimo": 0.0, 
        "tipo": 2
    }
},
{
    "pk": 5, 
    "model": "curriculum.listacompetencia", 
    "fields": {
        "nombre": "Infraestructura de clave p\u00fablica", 
        "puntaje_maximo": 2.0, 
        "tipo_puntaje": "float", 
        "puntaje_minimo": 0.0, 
        "tipo": 2
    }
},
{
    "pk": 6, 
    "model": "curriculum.listacompetencia", 
    "fields": {
        "nombre": "Organizaci\u00f3n y sistemas, procesos, normas y procedimientos", 
        "puntaje_maximo": 2.0, 
        "tipo_puntaje": "float", 
        "puntaje_minimo": 0.0, 
        "tipo": 2
    }
},
{
    "pk": 7, 
    "model": "curriculum.listacompetencia", 
    "fields": {
        "nombre": "TSU", 
        "puntaje_maximo": 8.0, 
        "tipo_puntaje": "float", 
        "puntaje_minimo": 0.0, 
        "tipo": 1
    }
},
{
    "pk": 8, 
    "model": "curriculum.listacompetencia", 
    "fields": {
        "nombre": "Profesional universitario", 
        "puntaje_maximo": 8.0, 
        "tipo_puntaje": "float", 
        "puntaje_minimo": 0.0, 
        "tipo": 1
    }
},
{
    "pk": 9, 
    "model": "curriculum.listacompetencia", 
    "fields": {
        "nombre": "Especialidad", 
        "puntaje_maximo": 8.0, 
        "tipo_puntaje": "float", 
        "puntaje_minimo": 0.0, 
        "tipo": 1
    }
},
{
    "pk": 10, 
    "model": "curriculum.listacompetencia", 
    "fields": {
        "nombre": "Maestr\u00eda", 
        "puntaje_maximo": 8.0, 
        "tipo_puntaje": "float", 
        "puntaje_minimo": 0.0, 
        "tipo": 1
    }
},
{
    "pk": 11, 
    "model": "curriculum.listacompetencia", 
    "fields": {
        "nombre": "Doctorado", 
        "puntaje_maximo": 8.0, 
        "tipo_puntaje": "float", 
        "puntaje_minimo": 0.0, 
        "tipo": 1
    }
},
{
    "pk": 12, 
    "model": "curriculum.listacompetencia", 
    "fields": {
        "nombre": "Bases de datos y administraci\u00f3n de datos", 
        "puntaje_maximo": 2.0, 
        "tipo_puntaje": "float", 
        "puntaje_minimo": 0.0, 
        "tipo": 3
    }
},
{
    "pk": 13, 
    "model": "curriculum.listacompetencia", 
    "fields": {
        "nombre": "Planificaci\u00f3n de la gesti\u00f3n de \u00e1reas TIC", 
        "puntaje_maximo": 1.0, 
        "tipo_puntaje": "float", 
        "puntaje_minimo": 0.0, 
        "tipo": 3
    }
},
{
    "pk": 14, 
    "model": "curriculum.listacompetencia", 
    "fields": {
        "nombre": "Gesti\u00f3n de proyectos TIC", 
        "puntaje_maximo": 1.0, 
        "tipo_puntaje": "float", 
        "puntaje_minimo": 0.0, 
        "tipo": 3
    }
},
{
    "pk": 15, 
    "model": "curriculum.listacompetencia", 
    "fields": {
        "nombre": "Calidad de la infraestructura y componentes TIC, calidad de gesti\u00f3n en TIC, niveles de   servicios con uso de las TIC", 
        "puntaje_maximo": 2.0, 
        "tipo_puntaje": "float", 
        "puntaje_minimo": 0.0, 
        "tipo": 3
    }
},
{
    "pk": 16, 
    "model": "curriculum.listacompetencia", 
    "fields": {
        "nombre": "Administraci\u00f3n y configuraci\u00f3n de ambientes y de los sistemas operativos", 
        "puntaje_maximo": 2.0, 
        "tipo_puntaje": "float", 
        "puntaje_minimo": 0.0, 
        "tipo": 3
    }
},
{
    "pk": 17, 
    "model": "curriculum.listacompetencia", 
    "fields": {
        "nombre": "Normas, est\u00e1ndares y mejores pr\u00e1cticas en auditor\u00eda TIC", 
        "puntaje_maximo": 3.0, 
        "tipo_puntaje": "float", 
        "puntaje_minimo": 0.0, 
        "tipo": 3
    }
},
{
    "pk": 18, 
    "model": "curriculum.listacompetencia", 
    "fields": {
        "nombre": "Marco legal y normativo que rige las TIC y SCDFE en la RBV", 
        "puntaje_maximo": 3.0, 
        "tipo_puntaje": "float", 
        "puntaje_minimo": 0.0, 
        "tipo": 3
    }
},
{
    "pk": 19, 
    "model": "curriculum.listacompetencia", 
    "fields": {
        "nombre": "Participaci\u00f3n como asistente o ponente en conferencias o seminarios en \u00e1reas inherentes    a: Sistemas, inform\u00e1tica, computaci\u00f3n o afines a las TIC", 
        "puntaje_maximo": 1.0, 
        "tipo_puntaje": "float", 
        "puntaje_minimo": 0.0, 
        "tipo": 3
    }
},
{
    "pk": 20, 
    "model": "curriculum.listacompetencia", 
    "fields": {
        "nombre": "Certificaciones nacionales en TIC", 
        "puntaje_maximo": 10.0, 
        "tipo_puntaje": "float", 
        "puntaje_minimo": 0.0, 
        "tipo": 4
    }
},
{
    "pk": 21, 
    "model": "curriculum.listacompetencia", 
    "fields": {
        "nombre": "Certificaciones internacionales en TIC", 
        "puntaje_maximo": 10.0, 
        "tipo_puntaje": "float", 
        "puntaje_minimo": 0.0, 
        "tipo": 4
    }
},
{
    "pk": 22, 
    "model": "curriculum.listacompetencia", 
    "fields": {
        "nombre": "Certificaciones nacionales como auditores TIC", 
        "puntaje_maximo": 10.0, 
        "tipo_puntaje": "float", 
        "puntaje_minimo": 0.0, 
        "tipo": 4
    }
},
{
    "pk": 23, 
    "model": "curriculum.listacompetencia", 
    "fields": {
        "nombre": "Certificaciones internacionales como auditores TIC", 
        "puntaje_maximo": 10.0, 
        "tipo_puntaje": "float", 
        "puntaje_minimo": 0.0, 
        "tipo": 4
    }
},
{
    "pk": 24, 
    "model": "curriculum.listacompetencia", 
    "fields": {
        "nombre": "Certificaciones nacionales en seguridad TIC", 
        "puntaje_maximo": 10.0, 
        "tipo_puntaje": "float", 
        "puntaje_minimo": 0.0, 
        "tipo": 4
    }
},
{
    "pk": 25, 
    "model": "curriculum.listacompetencia", 
    "fields": {
        "nombre": "Certificaciones internacionales en seguridad TIC", 
        "puntaje_maximo": 10.0, 
        "tipo_puntaje": "float", 
        "puntaje_minimo": 0.0, 
        "tipo": 4
    }
},
{
    "pk": 26, 
    "model": "curriculum.listacompetencia", 
    "fields": {
        "nombre": "Normas, est\u00e1ndares y mejores pr\u00e1cticas en TIC, certificaci\u00f3n de datos y firmas electr\u00f3nicas", 
        "puntaje_maximo": 2.0, 
        "tipo_puntaje": "float", 
        "puntaje_minimo": 0.0, 
        "tipo": 2
    }
},
{
    "pk": 27, 
    "model": "curriculum.listacompetencia", 
    "fields": {
        "nombre": "Experiencia en auditor\u00eda en TIC", 
        "puntaje_maximo": 2.0, 
        "tipo_puntaje": "float", 
        "puntaje_minimo": 0.0, 
        "tipo": 4
    }
},
{
    "pk": 28, 
    "model": "curriculum.listacompetencia", 
    "fields": {
        "nombre": "Experiencia en auditor\u00edas especializadas en seguridad de la informaci\u00f3n", 
        "puntaje_maximo": 3.0, 
        "tipo_puntaje": "float", 
        "puntaje_minimo": 0.0, 
        "tipo": 4
    }
},
{
    "pk": 29, 
    "model": "curriculum.listacompetencia", 
    "fields": {
        "nombre": "Experiencia en auditor\u00eda en infraestructura de clave p\u00fablica", 
        "puntaje_maximo": 4.0, 
        "tipo_puntaje": "float", 
        "puntaje_minimo": 0.0, 
        "tipo": 4
    }
},
{
    "pk": 30, 
    "model": "curriculum.listacompetencia", 
    "fields": {
        "nombre": "Experiencias en otros auditor\u00eda", 
        "puntaje_maximo": 1.0, 
        "tipo_puntaje": "float", 
        "puntaje_minimo": 0.0, 
        "tipo": 4
    }
},
{
    "pk": 1, 
    "model": "curriculum.aprobacion", 
    "fields": {
        "fecha": "2014-06-02", 
        "puntaje_total": 195.0, 
        "instrumento": 1, 
        "puntaje_aprobatorio": 143.0
    }
},
{
    "pk": 2, 
    "model": "curriculum.aprobacion", 
    "fields": {
        "fecha": "2014-06-02", 
        "puntaje_total": 45.0, 
        "instrumento": 2, 
        "puntaje_aprobatorio": 23.0
    }
},
{
    "pk": 3, 
    "model": "curriculum.aprobacion", 
    "fields": {
        "fecha": "2014-06-02", 
        "puntaje_total": 45.0, 
        "instrumento": 3, 
        "puntaje_aprobatorio": 23.0
    }
},
{
    "pk": 4, 
    "model": "curriculum.aprobacion", 
    "fields": {
        "fecha": "2014-06-02", 
        "puntaje_total": 100.0, 
        "instrumento": 4, 
        "puntaje_aprobatorio": 75.0
    }
},
{
    "pk": 5, 
    "model": "curriculum.aprobacion", 
    "fields": {
        "fecha": "2014-06-02", 
        "puntaje_total": 50.0, 
        "instrumento": 5, 
        "puntaje_aprobatorio": 25.0
    }
},
{
    "pk": 1, 
    "model": "curriculum.instrumento", 
    "fields": {
        "nombre": "Examen", 
        "ambito": 1
    }
},
{
    "pk": 2, 
    "model": "curriculum.instrumento", 
    "fields": {
        "nombre": "Examen individual", 
        "ambito": 1
    }
},
{
    "pk": 3, 
    "model": "curriculum.instrumento", 
    "fields": {
        "nombre": "Conocimientos requeridos", 
        "ambito": 2
    }
},
{
    "pk": 4, 
    "model": "curriculum.instrumento", 
    "fields": {
        "nombre": "Herramienta de evaluaci\u00f3n", 
        "ambito": 2
    }
},
{
    "pk": 5, 
    "model": "curriculum.instrumento", 
    "fields": {
        "nombre": "Evaluaci\u00f3n de los PSC", 
        "ambito": 2
    }
},
{
    "pk": 1, 
    "model": "curriculum.curso", 
    "fields": {
        "usuario": 1, 
        "fecha_fin": "2014-06-14", 
        "institucion": 2, 
        "fecha_inicio": "2014-06-03", 
        "titulo": "Ingeniero en Inform\u00e1tica", 
        "horas": 32, 
        "estado": 2
    }
},
{
    "pk": 1, 
    "model": "curriculum.laboral", 
    "fields": {
        "sector": "Tecnolog\u00eda", 
        "cargo": "Programador", 
        "empresa": "UNERG", 
        "retiro": "asd", 
        "usuario": 1, 
        "estado": 6, 
        "fecha_fin": "2014-05-31", 
        "direccion_empresa": "asdasdasd", 
        "trabajo_actual": false, 
        "fecha_inicio": "2014-01-07", 
        "telefono": "12131321", 
        "funcion": "asdasdasd"
    }
},
{
    "pk": 1, 
    "model": "curriculum.educacion", 
    "fields": {
        "persona": 1, 
        "tipo": 1, 
        "fecha_fin": "2014-05-30", 
        "institucion": 1, 
        "fecha_inicio": "2013-12-30", 
        "titulo": "Ingeniero en Inform\u00e1tica"
    }
},
{
    "pk": 1, 
    "model": "curriculum.tipoeducacion", 
    "fields": {
        "tipo": "Profesional Universitario"
    }
},
{
    "pk": 2, 
    "model": "curriculum.tipoeducacion", 
    "fields": {
        "tipo": "Maestr\u00eda"
    }
},
{
    "pk": 3, 
    "model": "curriculum.tipoeducacion", 
    "fields": {
        "tipo": "TSU"
    }
},
{
    "pk": 4, 
    "model": "curriculum.tipoeducacion", 
    "fields": {
        "tipo": "Especialidad"
    }
},
{
    "pk": 5, 
    "model": "curriculum.tipoeducacion", 
    "fields": {
        "tipo": "Doctorado"
    }
},
{
    "pk": 1, 
    "model": "curriculum.ambito", 
    "fields": {
        "tipo": "Inscripci\u00f3n"
    }
},
{
    "pk": 2, 
    "model": "curriculum.ambito", 
    "fields": {
        "tipo": "Renovaci\u00f3n"
    }
},
{
    "pk": 1, 
    "model": "lugares.pais", 
    "fields": {
        "nombre": "Venezuela"
    }
},
{
    "pk": 2, 
    "model": "lugares.pais", 
    "fields": {
        "nombre": "AUSTRIA"
    }
},
{
    "pk": 3, 
    "model": "lugares.pais", 
    "fields": {
        "nombre": "BELGICA"
    }
},
{
    "pk": 4, 
    "model": "lugares.pais", 
    "fields": {
        "nombre": "BULGARIA"
    }
},
{
    "pk": 5, 
    "model": "lugares.pais", 
    "fields": {
        "nombre": "CHIPRE"
    }
},
{
    "pk": 6, 
    "model": "lugares.pais", 
    "fields": {
        "nombre": "DINAMARCA"
    }
},
{
    "pk": 7, 
    "model": "lugares.pais", 
    "fields": {
        "nombre": "ESPA\u00d1A"
    }
},
{
    "pk": 8, 
    "model": "lugares.pais", 
    "fields": {
        "nombre": "FINLANDIA"
    }
},
{
    "pk": 9, 
    "model": "lugares.pais", 
    "fields": {
        "nombre": "FRANCIA"
    }
},
{
    "pk": 10, 
    "model": "lugares.pais", 
    "fields": {
        "nombre": "GRECIA"
    }
},
{
    "pk": 11, 
    "model": "lugares.pais", 
    "fields": {
        "nombre": "HUNGRIA"
    }
},
{
    "pk": 12, 
    "model": "lugares.pais", 
    "fields": {
        "nombre": "IRLANDA"
    }
},
{
    "pk": 13, 
    "model": "lugares.pais", 
    "fields": {
        "nombre": "ITALIA"
    }
},
{
    "pk": 14, 
    "model": "lugares.pais", 
    "fields": {
        "nombre": "LUXEMBURGO"
    }
},
{
    "pk": 15, 
    "model": "lugares.pais", 
    "fields": {
        "nombre": "MALTA"
    }
},
{
    "pk": 16, 
    "model": "lugares.pais", 
    "fields": {
        "nombre": "PAISES BAJOS"
    }
},
{
    "pk": 17, 
    "model": "lugares.pais", 
    "fields": {
        "nombre": "POLONIA"
    }
},
{
    "pk": 18, 
    "model": "lugares.pais", 
    "fields": {
        "nombre": "PORTUGAL"
    }
},
{
    "pk": 19, 
    "model": "lugares.pais", 
    "fields": {
        "nombre": "REINO UNIDO"
    }
},
{
    "pk": 20, 
    "model": "lugares.pais", 
    "fields": {
        "nombre": "ALEMANIA"
    }
},
{
    "pk": 21, 
    "model": "lugares.pais", 
    "fields": {
        "nombre": "RUMANIA"
    }
},
{
    "pk": 22, 
    "model": "lugares.pais", 
    "fields": {
        "nombre": "SUECIA"
    }
},
{
    "pk": 23, 
    "model": "lugares.pais", 
    "fields": {
        "nombre": "LETONIA"
    }
},
{
    "pk": 24, 
    "model": "lugares.pais", 
    "fields": {
        "nombre": "ESTONIA"
    }
},
{
    "pk": 25, 
    "model": "lugares.pais", 
    "fields": {
        "nombre": "LITUANIA"
    }
},
{
    "pk": 26, 
    "model": "lugares.pais", 
    "fields": {
        "nombre": "REPUBLICA CHECA"
    }
},
{
    "pk": 27, 
    "model": "lugares.pais", 
    "fields": {
        "nombre": "REPUBLICA ESLOVACA"
    }
},
{
    "pk": 28, 
    "model": "lugares.pais", 
    "fields": {
        "nombre": "ESLOVENIA"
    }
},
{
    "pk": 29, 
    "model": "lugares.pais", 
    "fields": {
        "nombre": "ALBANIA"
    }
},
{
    "pk": 30, 
    "model": "lugares.pais", 
    "fields": {
        "nombre": "ISLANDIA"
    }
},
{
    "pk": 31, 
    "model": "lugares.pais", 
    "fields": {
        "nombre": "LIECHTENSTEIN"
    }
},
{
    "pk": 32, 
    "model": "lugares.pais", 
    "fields": {
        "nombre": "MONACO"
    }
},
{
    "pk": 33, 
    "model": "lugares.pais", 
    "fields": {
        "nombre": "NORUEGA"
    }
},
{
    "pk": 34, 
    "model": "lugares.pais", 
    "fields": {
        "nombre": "ANDORRA"
    }
},
{
    "pk": 35, 
    "model": "lugares.pais", 
    "fields": {
        "nombre": "SAN MARINO"
    }
},
{
    "pk": 36, 
    "model": "lugares.pais", 
    "fields": {
        "nombre": "SANTA SEDE"
    }
},
{
    "pk": 37, 
    "model": "lugares.pais", 
    "fields": {
        "nombre": "SUIZA"
    }
},
{
    "pk": 38, 
    "model": "lugares.pais", 
    "fields": {
        "nombre": "UCRANIA"
    }
},
{
    "pk": 39, 
    "model": "lugares.pais", 
    "fields": {
        "nombre": "BELARUS"
    }
},
{
    "pk": 40, 
    "model": "lugares.pais", 
    "fields": {
        "nombre": "GEORGIA"
    }
},
{
    "pk": 41, 
    "model": "lugares.pais", 
    "fields": {
        "nombre": "BOSNIA Y HERZEGOVINA"
    }
},
{
    "pk": 42, 
    "model": "lugares.pais", 
    "fields": {
        "nombre": "CROACIA"
    }
},
{
    "pk": 43, 
    "model": "lugares.pais", 
    "fields": {
        "nombre": "ARMENIA"
    }
},
{
    "pk": 44, 
    "model": "lugares.pais", 
    "fields": {
        "nombre": "RUSIA"
    }
},
{
    "pk": 45, 
    "model": "lugares.pais", 
    "fields": {
        "nombre": "MACEDONIA "
    }
},
{
    "pk": 46, 
    "model": "lugares.pais", 
    "fields": {
        "nombre": "SERBIA"
    }
},
{
    "pk": 47, 
    "model": "lugares.pais", 
    "fields": {
        "nombre": "MONTENEGRO"
    }
},
{
    "pk": 48, 
    "model": "lugares.pais", 
    "fields": {
        "nombre": "GUERNESEY"
    }
},
{
    "pk": 49, 
    "model": "lugares.pais", 
    "fields": {
        "nombre": "SVALBARD Y JAN MAYEN"
    }
},
{
    "pk": 50, 
    "model": "lugares.pais", 
    "fields": {
        "nombre": "ISLAS FEROE"
    }
},
{
    "pk": 51, 
    "model": "lugares.pais", 
    "fields": {
        "nombre": "ISLA DE MAN"
    }
},
{
    "pk": 52, 
    "model": "lugares.pais", 
    "fields": {
        "nombre": "GIBRALTAR"
    }
},
{
    "pk": 53, 
    "model": "lugares.pais", 
    "fields": {
        "nombre": "ISLAS DEL CANAL"
    }
},
{
    "pk": 54, 
    "model": "lugares.pais", 
    "fields": {
        "nombre": "JERSEY"
    }
},
{
    "pk": 55, 
    "model": "lugares.pais", 
    "fields": {
        "nombre": "ISLAS ALAND"
    }
},
{
    "pk": 56, 
    "model": "lugares.pais", 
    "fields": {
        "nombre": "TURQUIA"
    }
},
{
    "pk": 57, 
    "model": "lugares.pais", 
    "fields": {
        "nombre": "BURKINA FASO"
    }
},
{
    "pk": 58, 
    "model": "lugares.pais", 
    "fields": {
        "nombre": "ANGOLA"
    }
},
{
    "pk": 59, 
    "model": "lugares.pais", 
    "fields": {
        "nombre": "ARGELIA"
    }
},
{
    "pk": 60, 
    "model": "lugares.pais", 
    "fields": {
        "nombre": "BENIN"
    }
},
{
    "pk": 61, 
    "model": "lugares.pais", 
    "fields": {
        "nombre": "BOTSWANA"
    }
},
{
    "pk": 62, 
    "model": "lugares.pais", 
    "fields": {
        "nombre": "BURUNDI"
    }
},
{
    "pk": 63, 
    "model": "lugares.pais", 
    "fields": {
        "nombre": "CABO VERDE"
    }
},
{
    "pk": 64, 
    "model": "lugares.pais", 
    "fields": {
        "nombre": "CAMERUN"
    }
},
{
    "pk": 65, 
    "model": "lugares.pais", 
    "fields": {
        "nombre": "COMORES"
    }
},
{
    "pk": 66, 
    "model": "lugares.pais", 
    "fields": {
        "nombre": "CONGO"
    }
},
{
    "pk": 67, 
    "model": "lugares.pais", 
    "fields": {
        "nombre": "COSTA DE MARFIL"
    }
},
{
    "pk": 68, 
    "model": "lugares.pais", 
    "fields": {
        "nombre": "DJIBOUTI"
    }
},
{
    "pk": 69, 
    "model": "lugares.pais", 
    "fields": {
        "nombre": "EGIPTO"
    }
},
{
    "pk": 70, 
    "model": "lugares.pais", 
    "fields": {
        "nombre": "GABON"
    }
},
{
    "pk": 71, 
    "model": "lugares.pais", 
    "fields": {
        "nombre": "GAMBIA"
    }
},
{
    "pk": 72, 
    "model": "lugares.pais", 
    "fields": {
        "nombre": "GHANA"
    }
},
{
    "pk": 73, 
    "model": "lugares.pais", 
    "fields": {
        "nombre": "GUINEA"
    }
},
{
    "pk": 74, 
    "model": "lugares.pais", 
    "fields": {
        "nombre": "GUINEA-BISSAU"
    }
},
{
    "pk": 75, 
    "model": "lugares.pais", 
    "fields": {
        "nombre": "GUINEA ECUATORIAL"
    }
},
{
    "pk": 76, 
    "model": "lugares.pais", 
    "fields": {
        "nombre": "KENIA"
    }
},
{
    "pk": 77, 
    "model": "lugares.pais", 
    "fields": {
        "nombre": "LESOTHO"
    }
},
{
    "pk": 78, 
    "model": "lugares.pais", 
    "fields": {
        "nombre": "LIBERIA"
    }
},
{
    "pk": 79, 
    "model": "lugares.pais", 
    "fields": {
        "nombre": "LIBIA"
    }
},
{
    "pk": 80, 
    "model": "lugares.pais", 
    "fields": {
        "nombre": "MADAGASCAR"
    }
},
{
    "pk": 81, 
    "model": "lugares.pais", 
    "fields": {
        "nombre": "MALAWI"
    }
},
{
    "pk": 82, 
    "model": "lugares.pais", 
    "fields": {
        "nombre": "MALI"
    }
},
{
    "pk": 83, 
    "model": "lugares.pais", 
    "fields": {
        "nombre": "MARRUECOS"
    }
},
{
    "pk": 84, 
    "model": "lugares.pais", 
    "fields": {
        "nombre": "MAURICIO"
    }
},
{
    "pk": 85, 
    "model": "lugares.pais", 
    "fields": {
        "nombre": "MAURITANIA"
    }
},
{
    "pk": 86, 
    "model": "lugares.pais", 
    "fields": {
        "nombre": "MOZAMBIQUE"
    }
},
{
    "pk": 87, 
    "model": "lugares.pais", 
    "fields": {
        "nombre": "NAMIBIA"
    }
},
{
    "pk": 88, 
    "model": "lugares.pais", 
    "fields": {
        "nombre": "NIGER"
    }
},
{
    "pk": 89, 
    "model": "lugares.pais", 
    "fields": {
        "nombre": "NIGERIA"
    }
},
{
    "pk": 90, 
    "model": "lugares.pais", 
    "fields": {
        "nombre": "REPUBLICA CENTROAFRICANA"
    }
},
{
    "pk": 91, 
    "model": "lugares.pais", 
    "fields": {
        "nombre": "SUDAFRICA"
    }
},
{
    "pk": 92, 
    "model": "lugares.pais", 
    "fields": {
        "nombre": "RUANDA"
    }
},
{
    "pk": 93, 
    "model": "lugares.pais", 
    "fields": {
        "nombre": "SANTO TOME Y PRINCIPE"
    }
},
{
    "pk": 94, 
    "model": "lugares.pais", 
    "fields": {
        "nombre": "SENEGAL"
    }
},
{
    "pk": 95, 
    "model": "lugares.pais", 
    "fields": {
        "nombre": "SEYCHELLES"
    }
},
{
    "pk": 96, 
    "model": "lugares.pais", 
    "fields": {
        "nombre": "SIERRA LEONA"
    }
},
{
    "pk": 97, 
    "model": "lugares.pais", 
    "fields": {
        "nombre": "SOMALIA"
    }
},
{
    "pk": 98, 
    "model": "lugares.pais", 
    "fields": {
        "nombre": "SUDAN"
    }
},
{
    "pk": 99, 
    "model": "lugares.pais", 
    "fields": {
        "nombre": "SWAZILANDIA"
    }
},
{
    "pk": 100, 
    "model": "lugares.pais", 
    "fields": {
        "nombre": "TANZANIA"
    }
},
{
    "pk": 101, 
    "model": "lugares.pais", 
    "fields": {
        "nombre": "CHAD"
    }
},
{
    "pk": 102, 
    "model": "lugares.pais", 
    "fields": {
        "nombre": "TOGO"
    }
},
{
    "pk": 103, 
    "model": "lugares.pais", 
    "fields": {
        "nombre": "TUNEZ"
    }
},
{
    "pk": 104, 
    "model": "lugares.pais", 
    "fields": {
        "nombre": "UGANDA"
    }
},
{
    "pk": 105, 
    "model": "lugares.pais", 
    "fields": {
        "nombre": "REP.DEMOCRATICA DEL CONGO"
    }
},
{
    "pk": 106, 
    "model": "lugares.pais", 
    "fields": {
        "nombre": "ZAMBIA"
    }
},
{
    "pk": 107, 
    "model": "lugares.pais", 
    "fields": {
        "nombre": "ZIMBABWE"
    }
},
{
    "pk": 108, 
    "model": "lugares.pais", 
    "fields": {
        "nombre": "ZIMBABWE"
    }
},
{
    "pk": 109, 
    "model": "lugares.pais", 
    "fields": {
        "nombre": "SANTA HELENA"
    }
},
{
    "pk": 110, 
    "model": "lugares.pais", 
    "fields": {
        "nombre": "REUNION"
    }
},
{
    "pk": 111, 
    "model": "lugares.pais", 
    "fields": {
        "nombre": "MAYOTTE"
    }
},
{
    "pk": 112, 
    "model": "lugares.pais", 
    "fields": {
        "nombre": "SAHARA OCCIDENTAL"
    }
},
{
    "pk": 113, 
    "model": "lugares.pais", 
    "fields": {
        "nombre": "CANADA"
    }
},
{
    "pk": 114, 
    "model": "lugares.pais", 
    "fields": {
        "nombre": "ESTADOS UNIDOS DE AMERICA"
    }
},
{
    "pk": 115, 
    "model": "lugares.pais", 
    "fields": {
        "nombre": "MEXICO"
    }
},
{
    "pk": 116, 
    "model": "lugares.pais", 
    "fields": {
        "nombre": "GROENLANDIA"
    }
},
{
    "pk": 117, 
    "model": "lugares.pais", 
    "fields": {
        "nombre": "ANTIGUA Y BARBUDA"
    }
},
{
    "pk": 118, 
    "model": "lugares.pais", 
    "fields": {
        "nombre": "BAHAMAS"
    }
},
{
    "pk": 119, 
    "model": "lugares.pais", 
    "fields": {
        "nombre": "BARBADOS"
    }
},
{
    "pk": 120, 
    "model": "lugares.pais", 
    "fields": {
        "nombre": "BELICE"
    }
},
{
    "pk": 121, 
    "model": "lugares.pais", 
    "fields": {
        "nombre": "COSTA RICA"
    }
},
{
    "pk": 122, 
    "model": "lugares.pais", 
    "fields": {
        "nombre": "CUBA"
    }
},
{
    "pk": 123, 
    "model": "lugares.pais", 
    "fields": {
        "nombre": "DOMINICA"
    }
},
{
    "pk": 124, 
    "model": "lugares.pais", 
    "fields": {
        "nombre": "EL SALVADOR"
    }
},
{
    "pk": 125, 
    "model": "lugares.pais", 
    "fields": {
        "nombre": "GRANADA"
    }
},
{
    "pk": 126, 
    "model": "lugares.pais", 
    "fields": {
        "nombre": "GUATEMALA"
    }
},
{
    "pk": 127, 
    "model": "lugares.pais", 
    "fields": {
        "nombre": "HAITI"
    }
},
{
    "pk": 128, 
    "model": "lugares.pais", 
    "fields": {
        "nombre": "HONDURAS"
    }
},
{
    "pk": 129, 
    "model": "lugares.pais", 
    "fields": {
        "nombre": "JAMAICA"
    }
},
{
    "pk": 130, 
    "model": "lugares.pais", 
    "fields": {
        "nombre": "NICARAGUA"
    }
},
{
    "pk": 131, 
    "model": "lugares.pais", 
    "fields": {
        "nombre": "PANAMA"
    }
},
{
    "pk": 132, 
    "model": "lugares.pais", 
    "fields": {
        "nombre": "SAN VICENTE Y LAS GRANADINAS"
    }
},
{
    "pk": 133, 
    "model": "lugares.pais", 
    "fields": {
        "nombre": "REPUBLICA DOMINICANA"
    }
},
{
    "pk": 134, 
    "model": "lugares.pais", 
    "fields": {
        "nombre": "TRINIDAD Y TOBAGO"
    }
},
{
    "pk": 135, 
    "model": "lugares.pais", 
    "fields": {
        "nombre": "SANTA LUCIA"
    }
},
{
    "pk": 136, 
    "model": "lugares.pais", 
    "fields": {
        "nombre": "SAN CRISTOBAL Y NIEVES"
    }
},
{
    "pk": 137, 
    "model": "lugares.pais", 
    "fields": {
        "nombre": "ISLAS CAIM\u00c1N"
    }
},
{
    "pk": 138, 
    "model": "lugares.pais", 
    "fields": {
        "nombre": "ISLAS TURCAS Y CAICOS"
    }
},
{
    "pk": 139, 
    "model": "lugares.pais", 
    "fields": {
        "nombre": "ISLAS V\u00cdRGENES DE LOS ESTADOS UNIDOS"
    }
},
{
    "pk": 140, 
    "model": "lugares.pais", 
    "fields": {
        "nombre": "GUADALUPE"
    }
},
{
    "pk": 141, 
    "model": "lugares.pais", 
    "fields": {
        "nombre": "ANTILLAS HOLANDESAS"
    }
},
{
    "pk": 142, 
    "model": "lugares.pais", 
    "fields": {
        "nombre": "ARUBA"
    }
},
{
    "pk": 143, 
    "model": "lugares.pais", 
    "fields": {
        "nombre": "MONTSERRAT"
    }
},
{
    "pk": 144, 
    "model": "lugares.pais", 
    "fields": {
        "nombre": "ANGUILLA"
    }
},
{
    "pk": 145, 
    "model": "lugares.pais", 
    "fields": {
        "nombre": "SAN BARTOLOME"
    }
},
{
    "pk": 146, 
    "model": "lugares.pais", 
    "fields": {
        "nombre": "MARTINICA"
    }
},
{
    "pk": 147, 
    "model": "lugares.pais", 
    "fields": {
        "nombre": "PUERTO RICO"
    }
},
{
    "pk": 148, 
    "model": "lugares.pais", 
    "fields": {
        "nombre": "BERMUDAS"
    }
},
{
    "pk": 149, 
    "model": "lugares.pais", 
    "fields": {
        "nombre": "ISLAS VIRGENES BRITANICAS"
    }
},
{
    "pk": 150, 
    "model": "lugares.pais", 
    "fields": {
        "nombre": "ARGENTINA"
    }
},
{
    "pk": 151, 
    "model": "lugares.pais", 
    "fields": {
        "nombre": "BOLIVIA"
    }
},
{
    "pk": 152, 
    "model": "lugares.pais", 
    "fields": {
        "nombre": "BRASIL"
    }
},
{
    "pk": 153, 
    "model": "lugares.pais", 
    "fields": {
        "nombre": "COLOMBIA"
    }
},
{
    "pk": 154, 
    "model": "lugares.pais", 
    "fields": {
        "nombre": "CHILE"
    }
},
{
    "pk": 155, 
    "model": "lugares.pais", 
    "fields": {
        "nombre": "ECUADOR"
    }
},
{
    "pk": 156, 
    "model": "lugares.pais", 
    "fields": {
        "nombre": "GUYANA"
    }
},
{
    "pk": 157, 
    "model": "lugares.pais", 
    "fields": {
        "nombre": "PARAGUAY"
    }
},
{
    "pk": 158, 
    "model": "lugares.pais", 
    "fields": {
        "nombre": "PERU"
    }
},
{
    "pk": 159, 
    "model": "lugares.pais", 
    "fields": {
        "nombre": "SURINAM"
    }
},
{
    "pk": 160, 
    "model": "lugares.pais", 
    "fields": {
        "nombre": "URUGUAY"
    }
},
{
    "pk": 161, 
    "model": "lugares.pais", 
    "fields": {
        "nombre": "GUAYANA FRANCESA"
    }
},
{
    "pk": 162, 
    "model": "lugares.pais", 
    "fields": {
        "nombre": "ISLAS MALVINAS"
    }
},
{
    "pk": 163, 
    "model": "lugares.pais", 
    "fields": {
        "nombre": "AFGANISTAN"
    }
},
{
    "pk": 164, 
    "model": "lugares.pais", 
    "fields": {
        "nombre": "ARABIA SAUDI"
    }
},
{
    "pk": 165, 
    "model": "lugares.pais", 
    "fields": {
        "nombre": "BAHREIN"
    }
},
{
    "pk": 166, 
    "model": "lugares.pais", 
    "fields": {
        "nombre": "BANGLADESH"
    }
},
{
    "pk": 167, 
    "model": "lugares.pais", 
    "fields": {
        "nombre": "MYANMAR"
    }
},
{
    "pk": 168, 
    "model": "lugares.pais", 
    "fields": {
        "nombre": "CHINA"
    }
},
{
    "pk": 169, 
    "model": "lugares.pais", 
    "fields": {
        "nombre": "EMIRATOS ARABES UNIDOS"
    }
},
{
    "pk": 170, 
    "model": "lugares.pais", 
    "fields": {
        "nombre": "FILIPINAS"
    }
},
{
    "pk": 171, 
    "model": "lugares.pais", 
    "fields": {
        "nombre": "INDIA"
    }
},
{
    "pk": 172, 
    "model": "lugares.pais", 
    "fields": {
        "nombre": "INDONESIA"
    }
},
{
    "pk": 173, 
    "model": "lugares.pais", 
    "fields": {
        "nombre": "IRAQ"
    }
},
{
    "pk": 174, 
    "model": "lugares.pais", 
    "fields": {
        "nombre": "IRAN"
    }
},
{
    "pk": 175, 
    "model": "lugares.pais", 
    "fields": {
        "nombre": "ISRAEL"
    }
},
{
    "pk": 176, 
    "model": "lugares.pais", 
    "fields": {
        "nombre": "JAPON"
    }
},
{
    "pk": 177, 
    "model": "lugares.pais", 
    "fields": {
        "nombre": "JORDANIA"
    }
},
{
    "pk": 178, 
    "model": "lugares.pais", 
    "fields": {
        "nombre": "CAMBOYA"
    }
},
{
    "pk": 179, 
    "model": "lugares.pais", 
    "fields": {
        "nombre": "KUWAIT"
    }
},
{
    "pk": 180, 
    "model": "lugares.pais", 
    "fields": {
        "nombre": "LAOS"
    }
},
{
    "pk": 181, 
    "model": "lugares.pais", 
    "fields": {
        "nombre": "LIBANO"
    }
},
{
    "pk": 182, 
    "model": "lugares.pais", 
    "fields": {
        "nombre": "MALASIA"
    }
},
{
    "pk": 183, 
    "model": "lugares.pais", 
    "fields": {
        "nombre": "MALDIVAS"
    }
},
{
    "pk": 184, 
    "model": "lugares.pais", 
    "fields": {
        "nombre": "MONGOLIA"
    }
},
{
    "pk": 185, 
    "model": "lugares.pais", 
    "fields": {
        "nombre": "NEPAL"
    }
},
{
    "pk": 186, 
    "model": "lugares.pais", 
    "fields": {
        "nombre": "OMAN"
    }
},
{
    "pk": 187, 
    "model": "lugares.pais", 
    "fields": {
        "nombre": "PAKISTAN"
    }
},
{
    "pk": 188, 
    "model": "lugares.pais", 
    "fields": {
        "nombre": "QATAR"
    }
},
{
    "pk": 189, 
    "model": "lugares.pais", 
    "fields": {
        "nombre": "COREA"
    }
},
{
    "pk": 190, 
    "model": "lugares.pais", 
    "fields": {
        "nombre": "COREA DEL NORTE "
    }
},
{
    "pk": 191, 
    "model": "lugares.pais", 
    "fields": {
        "nombre": "SINGAPUR"
    }
},
{
    "pk": 192, 
    "model": "lugares.pais", 
    "fields": {
        "nombre": "SIRIA"
    }
},
{
    "pk": 193, 
    "model": "lugares.pais", 
    "fields": {
        "nombre": "SRI LANKA"
    }
},
{
    "pk": 194, 
    "model": "lugares.pais", 
    "fields": {
        "nombre": "TAILANDIA"
    }
},
{
    "pk": 195, 
    "model": "lugares.pais", 
    "fields": {
        "nombre": "VIETNAM"
    }
},
{
    "pk": 196, 
    "model": "lugares.pais", 
    "fields": {
        "nombre": "BRUNEI"
    }
},
{
    "pk": 197, 
    "model": "lugares.pais", 
    "fields": {
        "nombre": "ISLAS MARSHALL"
    }
},
{
    "pk": 198, 
    "model": "lugares.pais", 
    "fields": {
        "nombre": "YEMEN"
    }
},
{
    "pk": 199, 
    "model": "lugares.pais", 
    "fields": {
        "nombre": "AZERBAIYAN"
    }
},
{
    "pk": 200, 
    "model": "lugares.pais", 
    "fields": {
        "nombre": "KAZAJSTAN"
    }
},
{
    "pk": 201, 
    "model": "lugares.pais", 
    "fields": {
        "nombre": "KIRGUISTAN"
    }
},
{
    "pk": 202, 
    "model": "lugares.pais", 
    "fields": {
        "nombre": "TADYIKISTAN"
    }
},
{
    "pk": 203, 
    "model": "lugares.pais", 
    "fields": {
        "nombre": "TURKMENISTAN"
    }
},
{
    "pk": 204, 
    "model": "lugares.pais", 
    "fields": {
        "nombre": "UZBEKISTAN"
    }
},
{
    "pk": 205, 
    "model": "lugares.pais", 
    "fields": {
        "nombre": "ISLAS MARIANAS DEL NORTE"
    }
},
{
    "pk": 206, 
    "model": "lugares.pais", 
    "fields": {
        "nombre": "PALESTINA"
    }
},
{
    "pk": 207, 
    "model": "lugares.pais", 
    "fields": {
        "nombre": "HONG KONG"
    }
},
{
    "pk": 208, 
    "model": "lugares.pais", 
    "fields": {
        "nombre": "BHUT\u00c1N"
    }
},
{
    "pk": 209, 
    "model": "lugares.pais", 
    "fields": {
        "nombre": "GUAM"
    }
},
{
    "pk": 210, 
    "model": "lugares.pais", 
    "fields": {
        "nombre": "MACAO"
    }
},
{
    "pk": 211, 
    "model": "lugares.pais", 
    "fields": {
        "nombre": "AUSTRALIA"
    }
},
{
    "pk": 212, 
    "model": "lugares.pais", 
    "fields": {
        "nombre": "FIJI"
    }
},
{
    "pk": 213, 
    "model": "lugares.pais", 
    "fields": {
        "nombre": "NUEVA ZELANDA"
    }
},
{
    "pk": 214, 
    "model": "lugares.pais", 
    "fields": {
        "nombre": "PAPUA NUEVA GUINEA"
    }
},
{
    "pk": 215, 
    "model": "lugares.pais", 
    "fields": {
        "nombre": "ISLAS SALOMON"
    }
},
{
    "pk": 216, 
    "model": "lugares.pais", 
    "fields": {
        "nombre": "SAMOA"
    }
},
{
    "pk": 217, 
    "model": "lugares.pais", 
    "fields": {
        "nombre": "TONGA"
    }
},
{
    "pk": 218, 
    "model": "lugares.pais", 
    "fields": {
        "nombre": "VANUATU"
    }
},
{
    "pk": 219, 
    "model": "lugares.pais", 
    "fields": {
        "nombre": "MICRONESIA"
    }
},
{
    "pk": 220, 
    "model": "lugares.pais", 
    "fields": {
        "nombre": "TUVALU"
    }
},
{
    "pk": 221, 
    "model": "lugares.pais", 
    "fields": {
        "nombre": "ISLAS COOK"
    }
},
{
    "pk": 222, 
    "model": "lugares.pais", 
    "fields": {
        "nombre": "NAURU"
    }
},
{
    "pk": 223, 
    "model": "lugares.pais", 
    "fields": {
        "nombre": "PALAOS"
    }
},
{
    "pk": 224, 
    "model": "lugares.pais", 
    "fields": {
        "nombre": "TIMOR ORIENTAL"
    }
},
{
    "pk": 225, 
    "model": "lugares.pais", 
    "fields": {
        "nombre": "POLINESIA FRANCESA"
    }
},
{
    "pk": 226, 
    "model": "lugares.pais", 
    "fields": {
        "nombre": "ISLA NORFOLK"
    }
},
{
    "pk": 227, 
    "model": "lugares.pais", 
    "fields": {
        "nombre": "KIRIBATI"
    }
},
{
    "pk": 228, 
    "model": "lugares.pais", 
    "fields": {
        "nombre": "NIUE"
    }
},
{
    "pk": 229, 
    "model": "lugares.pais", 
    "fields": {
        "nombre": "ISLAS PITCAIRN"
    }
},
{
    "pk": 230, 
    "model": "lugares.pais", 
    "fields": {
        "nombre": "TOKELAU"
    }
},
{
    "pk": 231, 
    "model": "lugares.pais", 
    "fields": {
        "nombre": "NUEVA CALEDONIA"
    }
},
{
    "pk": 232, 
    "model": "lugares.pais", 
    "fields": {
        "nombre": "WALLIS Y FORTUNA"
    }
},
{
    "pk": 233, 
    "model": "lugares.pais", 
    "fields": {
        "nombre": "SAMOA AMERICANA"
    }
},
{
    "pk": 1, 
    "model": "lugares.estado", 
    "fields": {
        "nombre": "Amazonas", 
        "pais": 1
    }
},
{
    "pk": 2, 
    "model": "lugares.estado", 
    "fields": {
        "nombre": "Anzo\u00e1tegui", 
        "pais": 1
    }
},
{
    "pk": 3, 
    "model": "lugares.estado", 
    "fields": {
        "nombre": "Apure", 
        "pais": 1
    }
},
{
    "pk": 4, 
    "model": "lugares.estado", 
    "fields": {
        "nombre": "Aragua", 
        "pais": 1
    }
},
{
    "pk": 5, 
    "model": "lugares.estado", 
    "fields": {
        "nombre": "Barinas", 
        "pais": 1
    }
},
{
    "pk": 6, 
    "model": "lugares.estado", 
    "fields": {
        "nombre": "Bol\u00edvar", 
        "pais": 1
    }
},
{
    "pk": 7, 
    "model": "lugares.estado", 
    "fields": {
        "nombre": "Carabobo", 
        "pais": 1
    }
},
{
    "pk": 8, 
    "model": "lugares.estado", 
    "fields": {
        "nombre": "Cojedes", 
        "pais": 1
    }
},
{
    "pk": 9, 
    "model": "lugares.estado", 
    "fields": {
        "nombre": "Delta Amacuro", 
        "pais": 1
    }
},
{
    "pk": 10, 
    "model": "lugares.estado", 
    "fields": {
        "nombre": "Dependencias Federales", 
        "pais": 1
    }
},
{
    "pk": 11, 
    "model": "lugares.estado", 
    "fields": {
        "nombre": "Distrito Capital", 
        "pais": 1
    }
},
{
    "pk": 12, 
    "model": "lugares.estado", 
    "fields": {
        "nombre": "Falc\u00f3n", 
        "pais": 1
    }
},
{
    "pk": 13, 
    "model": "lugares.estado", 
    "fields": {
        "nombre": "Gu\u00e1rico", 
        "pais": 1
    }
},
{
    "pk": 14, 
    "model": "lugares.estado", 
    "fields": {
        "nombre": "Lara", 
        "pais": 1
    }
},
{
    "pk": 15, 
    "model": "lugares.estado", 
    "fields": {
        "nombre": "M\u00e9rida", 
        "pais": 1
    }
},
{
    "pk": 16, 
    "model": "lugares.estado", 
    "fields": {
        "nombre": "Miranda", 
        "pais": 1
    }
},
{
    "pk": 17, 
    "model": "lugares.estado", 
    "fields": {
        "nombre": "Monagas", 
        "pais": 1
    }
},
{
    "pk": 18, 
    "model": "lugares.estado", 
    "fields": {
        "nombre": "Nueva Esparta", 
        "pais": 1
    }
},
{
    "pk": 19, 
    "model": "lugares.estado", 
    "fields": {
        "nombre": "Portuguesa", 
        "pais": 1
    }
},
{
    "pk": 20, 
    "model": "lugares.estado", 
    "fields": {
        "nombre": "Sucre", 
        "pais": 1
    }
},
{
    "pk": 21, 
    "model": "lugares.estado", 
    "fields": {
        "nombre": "T\u00e1chira", 
        "pais": 1
    }
},
{
    "pk": 22, 
    "model": "lugares.estado", 
    "fields": {
        "nombre": "Trujillo", 
        "pais": 1
    }
},
{
    "pk": 23, 
    "model": "lugares.estado", 
    "fields": {
        "nombre": "Vargas", 
        "pais": 1
    }
},
{
    "pk": 24, 
    "model": "lugares.estado", 
    "fields": {
        "nombre": "Yaracuy", 
        "pais": 1
    }
},
{
    "pk": 25, 
    "model": "lugares.estado", 
    "fields": {
        "nombre": "Zulia", 
        "pais": 1
    }
},
{
    "pk": 1, 
    "model": "lugares.institucion", 
    "fields": {
        "nombre": "Universidad Central de Venezuela UCV", 
        "estado": 11
    }
},
{
    "pk": 2, 
    "model": "lugares.institucion", 
    "fields": {
        "nombre": "Universidad Nacional Experimental R\u00f3mulo Gallegos UNERG", 
        "estado": 13
    }
},
{
    "pk": 3, 
    "model": "lugares.institucion", 
    "fields": {
        "nombre": "Universidad Nacional Experimental Polit\u00e9cnica de la Fuerza Armada Nacional UNEFA", 
        "estado": 11
    }
},
{
    "pk": 4, 
    "model": "lugares.institucion", 
    "fields": {
        "nombre": "Universidad de Los Andes ULA", 
        "estado": 15
    }
},
{
    "pk": 5, 
    "model": "lugares.institucion", 
    "fields": {
        "nombre": "Universidad de Carabobo UC", 
        "estado": 7
    }
},
{
    "pk": 6, 
    "model": "lugares.institucion", 
    "fields": {
        "nombre": "Universidad de Oriente UDO", 
        "estado": 2
    }
},
{
    "pk": 7, 
    "model": "lugares.institucion", 
    "fields": {
        "nombre": "Universidad del Zulia LUZ", 
        "estado": 25
    }
},
{
    "pk": 8, 
    "model": "lugares.institucion", 
    "fields": {
        "nombre": "Universidad Bolivariana de Venezuela UBV", 
        "estado": 11
    }
},
{
    "pk": 9, 
    "model": "lugares.institucion", 
    "fields": {
        "nombre": "Universidad Centro Occidental Lisandro Alvarado UCLA", 
        "estado": 14
    }
},
{
    "pk": 10, 
    "model": "lugares.institucion", 
    "fields": {
        "nombre": "Universidad Latinoamericana y del Caribe", 
        "estado": 11
    }
},
{
    "pk": 11, 
    "model": "lugares.institucion", 
    "fields": {
        "nombre": "Universidad Nacional Abierta UNA", 
        "estado": 11
    }
},
{
    "pk": 12, 
    "model": "lugares.institucion", 
    "fields": {
        "nombre": "Universidad Nacional Experimental de Guayana UNEG", 
        "estado": 6
    }
},
{
    "pk": 13, 
    "model": "lugares.institucion", 
    "fields": {
        "nombre": "Universidad Nacional Experimental de los Llanos Occidentales Ezequiel Zamora UNELLEZ", 
        "estado": 5
    }
},
{
    "pk": 14, 
    "model": "lugares.institucion", 
    "fields": {
        "nombre": "Universidad Nacional Experimental de Yaracuy UNEY", 
        "estado": 24
    }
},
{
    "pk": 15, 
    "model": "lugares.institucion", 
    "fields": {
        "nombre": "Universidad Nacional Experimental del T\u00e1chira UNET", 
        "estado": 21
    }
},
{
    "pk": 16, 
    "model": "lugares.institucion", 
    "fields": {
        "nombre": "Universidad Nacional Experimental de la Seguridad UNES", 
        "estado": 11
    }
},
{
    "pk": 17, 
    "model": "lugares.institucion", 
    "fields": {
        "nombre": "Universidad Nacional Experimental Francisco de Miranda UNEFM", 
        "estado": 12
    }
},
{
    "pk": 18, 
    "model": "lugares.institucion", 
    "fields": {
        "nombre": "Universidad Nacional Experimental Mar\u00edtima del Caribe UMC", 
        "estado": 11
    }
},
{
    "pk": 19, 
    "model": "lugares.institucion", 
    "fields": {
        "nombre": "Universidad Nacional Experimental Polit\u00e9cnica Antonio Jos\u00e9 de Sucre UNEXPO", 
        "estado": 11
    }
},
{
    "pk": 20, 
    "model": "lugares.institucion", 
    "fields": {
        "nombre": "Universidad Nacional Experimental Rafael Mar\u00eda Baralt UNERMB", 
        "estado": 25
    }
},
{
    "pk": 21, 
    "model": "lugares.institucion", 
    "fields": {
        "nombre": "Universidad Nacional Experimental Sim\u00f3n Rodr\u00edguez UNESR", 
        "estado": 11
    }
},
{
    "pk": 22, 
    "model": "lugares.institucion", 
    "fields": {
        "nombre": "Universidad Nacional Experimental Sur del Lago Jes\u00fas Mar\u00eda Sempr\u00fan UNESUR", 
        "estado": 25
    }
},
{
    "pk": 23, 
    "model": "lugares.institucion", 
    "fields": {
        "nombre": "Universidad Sim\u00f3n Bol\u00edvar USB", 
        "estado": 16
    }
},
{
    "pk": 24, 
    "model": "lugares.institucion", 
    "fields": {
        "nombre": "Universidad Pedag\u00f3gica Experimental Libertador UPEL", 
        "estado": 11
    }
},
{
    "pk": 25, 
    "model": "lugares.institucion", 
    "fields": {
        "nombre": "Universidad Polit\u00e9cnica Territorial de Aragua \u201cFederico Brito Figueroa\u201d UPTA", 
        "estado": 4
    }
},
{
    "pk": 26, 
    "model": "lugares.institucion", 
    "fields": {
        "nombre": "Universidad Alejandro de Humboldt, UNIHUMBOLDT", 
        "estado": 11
    }
},
{
    "pk": 27, 
    "model": "lugares.institucion", 
    "fields": {
        "nombre": "Universidad Alonso de Ojeda, UNIOJEDA", 
        "estado": 25
    }
},
{
    "pk": 28, 
    "model": "lugares.institucion", 
    "fields": {
        "nombre": "Universidad Arturo Michelena, UAM", 
        "estado": 7
    }
},
{
    "pk": 29, 
    "model": "lugares.institucion", 
    "fields": {
        "nombre": "Universidad Bicentenaria de Aragua, UBA", 
        "estado": 4
    }
},
{
    "pk": 30, 
    "model": "lugares.institucion", 
    "fields": {
        "nombre": "Universidad Cat\u00f3lica Andr\u00e9s Bello, UCAB", 
        "estado": 11
    }
},
{
    "pk": 31, 
    "model": "lugares.institucion", 
    "fields": {
        "nombre": "Universidad Cat\u00f3lica Cecilio Acosta, UNICA", 
        "estado": 25
    }
},
{
    "pk": 32, 
    "model": "lugares.institucion", 
    "fields": {
        "nombre": "Universidad Cat\u00f3lica del T\u00e1chira, UCAT", 
        "estado": 21
    }
},
{
    "pk": 33, 
    "model": "lugares.institucion", 
    "fields": {
        "nombre": "Universidad Cat\u00f3lica Santa Rosa, SANTAROSA", 
        "estado": 11
    }
},
{
    "pk": 34, 
    "model": "lugares.institucion", 
    "fields": {
        "nombre": "Universidad de Falc\u00f3n, UDEFA", 
        "estado": 12
    }
},
{
    "pk": 35, 
    "model": "lugares.institucion", 
    "fields": {
        "nombre": "Universidad de Margarita, UNIMAR", 
        "estado": 18
    }
},
{
    "pk": 36, 
    "model": "lugares.institucion", 
    "fields": {
        "nombre": "Universidad Dr. Jos\u00e9 Gregorio Hern\u00e1ndez", 
        "estado": 25
    }
},
{
    "pk": 37, 
    "model": "lugares.institucion", 
    "fields": {
        "nombre": "Universidad Ferm\u00edn Toro, UFT", 
        "estado": 14
    }
},
{
    "pk": 39, 
    "model": "lugares.institucion", 
    "fields": {
        "nombre": "Universidad Jose Francisco Camacho,UJFC", 
        "estado": 11
    }
},
{
    "pk": 40, 
    "model": "lugares.institucion", 
    "fields": {
        "nombre": "Universidad Jos\u00e9 Antonio P\u00e1ez, UJAP", 
        "estado": 11
    }
},
{
    "pk": 41, 
    "model": "lugares.institucion", 
    "fields": {
        "nombre": "Universidad Metropolitana, UNIMET", 
        "estado": 16
    }
},
{
    "pk": 42, 
    "model": "lugares.institucion", 
    "fields": {
        "nombre": "Universidad Monte\u00e1vila, UMA", 
        "estado": 11
    }
},
{
    "pk": 43, 
    "model": "lugares.institucion", 
    "fields": {
        "nombre": "Universidad Nororiental Gran Mariscal de Ayacucho, UGMA", 
        "estado": 2
    }
},
{
    "pk": 44, 
    "model": "lugares.institucion", 
    "fields": {
        "nombre": "Universidad Nueva Esparta, UNE", 
        "estado": 18
    }
},
{
    "pk": 45, 
    "model": "lugares.institucion", 
    "fields": {
        "nombre": "Universidad Panamericana del Puerto, UNIPAP", 
        "estado": 7
    }
},
{
    "pk": 46, 
    "model": "lugares.institucion", 
    "fields": {
        "nombre": "Universidad Polit\u00e9cnico Santiago Mari\u00f1o, IUPSM", 
        "estado": 11
    }
},
{
    "pk": 47, 
    "model": "lugares.institucion", 
    "fields": {
        "nombre": "Universidad Rafael Belloso Chac\u00edn, URBE", 
        "estado": 25
    }
},
{
    "pk": 48, 
    "model": "lugares.institucion", 
    "fields": {
        "nombre": "Universidad Rafael Urdaneta, URU", 
        "estado": 25
    }
},
{
    "pk": 49, 
    "model": "lugares.institucion", 
    "fields": {
        "nombre": "Universidad Santa Mar\u00eda USM", 
        "estado": 16
    }
},
{
    "pk": 50, 
    "model": "lugares.institucion", 
    "fields": {
        "nombre": "Universidad Tecnol\u00f3gica del Centro, UNITEC", 
        "estado": 4
    }
},
{
    "pk": 51, 
    "model": "lugares.institucion", 
    "fields": {
        "nombre": "Universidad Valle del Momboy, UVM", 
        "estado": 22
    }
},
{
    "pk": 52, 
    "model": "lugares.institucion", 
    "fields": {
        "nombre": "Universidad Yacamb\u00fa, YACAMBU", 
        "estado": 19
    }
},
{
    "pk": 53, 
    "model": "lugares.institucion", 
    "fields": {
        "nombre": "Instituto Universitario de Polic\u00eda Cient\u00edfica IUT", 
        "estado": 11
    }
},
{
    "pk": 54, 
    "model": "lugares.institucion", 
    "fields": {
        "nombre": "Instituto Universitario de Tecnolog\u00eda Agroindustrial Regi\u00f3n los Andes IUTAI", 
        "estado": 15
    }
},
{
    "pk": 55, 
    "model": "lugares.institucion", 
    "fields": {
        "nombre": "Instituto Universitario de Tecnolog\u00eda del Estado Portuguesa IUTEP", 
        "estado": 19
    }
},
{
    "pk": 56, 
    "model": "lugares.institucion", 
    "fields": {
        "nombre": "Instituto Universitario de Tecnolog\u00eda del Estado Trujillo Don R\u00f3mulo Bentancourt IUTET", 
        "estado": 22
    }
},
{
    "pk": 57, 
    "model": "lugares.institucion", 
    "fields": {
        "nombre": "Instituto Universitario de Tecnolog\u00eda Dr. Federico Rivero Palacio IUT", 
        "estado": 16
    }
},
{
    "pk": 58, 
    "model": "lugares.institucion", 
    "fields": {
        "nombre": "Instituto Universitario de Tecnolog\u00eda del Oeste Mariscal Sucre IUTOMS", 
        "estado": 11
    }
},
{
    "pk": 59, 
    "model": "lugares.institucion", 
    "fields": {
        "nombre": "Instituto Universitario Experimental de Tecnolog\u00eda Andr\u00e9s Eloy Blanco IUETAEB", 
        "estado": 14
    }
},
{
    "pk": 60, 
    "model": "lugares.institucion", 
    "fields": {
        "nombre": "Instituto Venezolano de Audici\u00f3n y Lenguaje. Instituto Universitario IVAL", 
        "estado": 11
    }
},
{
    "pk": 1, 
    "model": "auth.permission", 
    "fields": {
        "codename": "add_logentry", 
        "name": "Can add log entry", 
        "content_type": 1
    }
},
{
    "pk": 2, 
    "model": "auth.permission", 
    "fields": {
        "codename": "change_logentry", 
        "name": "Can change log entry", 
        "content_type": 1
    }
},
{
    "pk": 3, 
    "model": "auth.permission", 
    "fields": {
        "codename": "delete_logentry", 
        "name": "Can delete log entry", 
        "content_type": 1
    }
},
{
    "pk": 4, 
    "model": "auth.permission", 
    "fields": {
        "codename": "add_permission", 
        "name": "Can add permission", 
        "content_type": 2
    }
},
{
    "pk": 5, 
    "model": "auth.permission", 
    "fields": {
        "codename": "change_permission", 
        "name": "Can change permission", 
        "content_type": 2
    }
},
{
    "pk": 6, 
    "model": "auth.permission", 
    "fields": {
        "codename": "delete_permission", 
        "name": "Can delete permission", 
        "content_type": 2
    }
},
{
    "pk": 7, 
    "model": "auth.permission", 
    "fields": {
        "codename": "add_group", 
        "name": "Can add group", 
        "content_type": 3
    }
},
{
    "pk": 8, 
    "model": "auth.permission", 
    "fields": {
        "codename": "change_group", 
        "name": "Can change group", 
        "content_type": 3
    }
},
{
    "pk": 9, 
    "model": "auth.permission", 
    "fields": {
        "codename": "delete_group", 
        "name": "Can delete group", 
        "content_type": 3
    }
},
{
    "pk": 10, 
    "model": "auth.permission", 
    "fields": {
        "codename": "add_user", 
        "name": "Can add user", 
        "content_type": 4
    }
},
{
    "pk": 11, 
    "model": "auth.permission", 
    "fields": {
        "codename": "change_user", 
        "name": "Can change user", 
        "content_type": 4
    }
},
{
    "pk": 12, 
    "model": "auth.permission", 
    "fields": {
        "codename": "delete_user", 
        "name": "Can delete user", 
        "content_type": 4
    }
},
{
    "pk": 13, 
    "model": "auth.permission", 
    "fields": {
        "codename": "add_userprofile", 
        "name": "Can add Usuario", 
        "content_type": 5
    }
},
{
    "pk": 14, 
    "model": "auth.permission", 
    "fields": {
        "codename": "change_userprofile", 
        "name": "Can change Usuario", 
        "content_type": 5
    }
},
{
    "pk": 15, 
    "model": "auth.permission", 
    "fields": {
        "codename": "delete_userprofile", 
        "name": "Can delete Usuario", 
        "content_type": 5
    }
},
{
    "pk": 16, 
    "model": "auth.permission", 
    "fields": {
        "codename": "add_mensaje", 
        "name": "Can add mensaje", 
        "content_type": 6
    }
},
{
    "pk": 17, 
    "model": "auth.permission", 
    "fields": {
        "codename": "change_mensaje", 
        "name": "Can change mensaje", 
        "content_type": 6
    }
},
{
    "pk": 18, 
    "model": "auth.permission", 
    "fields": {
        "codename": "delete_mensaje", 
        "name": "Can delete mensaje", 
        "content_type": 6
    }
},
{
    "pk": 19, 
    "model": "auth.permission", 
    "fields": {
        "codename": "add_logentry", 
        "name": "Can add log entry", 
        "content_type": 7
    }
},
{
    "pk": 20, 
    "model": "auth.permission", 
    "fields": {
        "codename": "change_logentry", 
        "name": "Can change log entry", 
        "content_type": 7
    }
},
{
    "pk": 21, 
    "model": "auth.permission", 
    "fields": {
        "codename": "delete_logentry", 
        "name": "Can delete log entry", 
        "content_type": 7
    }
},
{
    "pk": 22, 
    "model": "auth.permission", 
    "fields": {
        "codename": "add_contenttype", 
        "name": "Can add content type", 
        "content_type": 8
    }
},
{
    "pk": 23, 
    "model": "auth.permission", 
    "fields": {
        "codename": "change_contenttype", 
        "name": "Can change content type", 
        "content_type": 8
    }
},
{
    "pk": 24, 
    "model": "auth.permission", 
    "fields": {
        "codename": "delete_contenttype", 
        "name": "Can delete content type", 
        "content_type": 8
    }
},
{
    "pk": 25, 
    "model": "auth.permission", 
    "fields": {
        "codename": "add_session", 
        "name": "Can add session", 
        "content_type": 9
    }
},
{
    "pk": 26, 
    "model": "auth.permission", 
    "fields": {
        "codename": "change_session", 
        "name": "Can change session", 
        "content_type": 9
    }
},
{
    "pk": 27, 
    "model": "auth.permission", 
    "fields": {
        "codename": "delete_session", 
        "name": "Can delete session", 
        "content_type": 9
    }
},
{
    "pk": 28, 
    "model": "auth.permission", 
    "fields": {
        "codename": "add_site", 
        "name": "Can add site", 
        "content_type": 10
    }
},
{
    "pk": 29, 
    "model": "auth.permission", 
    "fields": {
        "codename": "change_site", 
        "name": "Can change site", 
        "content_type": 10
    }
},
{
    "pk": 30, 
    "model": "auth.permission", 
    "fields": {
        "codename": "delete_site", 
        "name": "Can delete site", 
        "content_type": 10
    }
},
{
    "pk": 31, 
    "model": "auth.permission", 
    "fields": {
        "codename": "add_accessattempt", 
        "name": "Can add access attempt", 
        "content_type": 11
    }
},
{
    "pk": 32, 
    "model": "auth.permission", 
    "fields": {
        "codename": "change_accessattempt", 
        "name": "Can change access attempt", 
        "content_type": 11
    }
},
{
    "pk": 33, 
    "model": "auth.permission", 
    "fields": {
        "codename": "delete_accessattempt", 
        "name": "Can delete access attempt", 
        "content_type": 11
    }
},
{
    "pk": 34, 
    "model": "auth.permission", 
    "fields": {
        "codename": "add_accesslog", 
        "name": "Can add access log", 
        "content_type": 12
    }
},
{
    "pk": 35, 
    "model": "auth.permission", 
    "fields": {
        "codename": "change_accesslog", 
        "name": "Can change access log", 
        "content_type": 12
    }
},
{
    "pk": 36, 
    "model": "auth.permission", 
    "fields": {
        "codename": "delete_accesslog", 
        "name": "Can delete access log", 
        "content_type": 12
    }
},
{
    "pk": 37, 
    "model": "auth.permission", 
    "fields": {
        "codename": "add_certificacion", 
        "name": "Can add certificaci\u00f3n", 
        "content_type": 13
    }
},
{
    "pk": 38, 
    "model": "auth.permission", 
    "fields": {
        "codename": "change_certificacion", 
        "name": "Can change certificaci\u00f3n", 
        "content_type": 13
    }
},
{
    "pk": 39, 
    "model": "auth.permission", 
    "fields": {
        "codename": "delete_certificacion", 
        "name": "Can delete certificaci\u00f3n", 
        "content_type": 13
    }
},
{
    "pk": 40, 
    "model": "auth.permission", 
    "fields": {
        "codename": "add_cita", 
        "name": "Can add cita", 
        "content_type": 14
    }
},
{
    "pk": 41, 
    "model": "auth.permission", 
    "fields": {
        "codename": "change_cita", 
        "name": "Can change cita", 
        "content_type": 14
    }
},
{
    "pk": 42, 
    "model": "auth.permission", 
    "fields": {
        "codename": "delete_cita", 
        "name": "Can delete cita", 
        "content_type": 14
    }
},
{
    "pk": 43, 
    "model": "auth.permission", 
    "fields": {
        "codename": "add_listaidiomas", 
        "name": "Can add lista de idiomas", 
        "content_type": 15
    }
},
{
    "pk": 44, 
    "model": "auth.permission", 
    "fields": {
        "codename": "change_listaidiomas", 
        "name": "Can change lista de idiomas", 
        "content_type": 15
    }
},
{
    "pk": 45, 
    "model": "auth.permission", 
    "fields": {
        "codename": "delete_listaidiomas", 
        "name": "Can delete lista de idiomas", 
        "content_type": 15
    }
},
{
    "pk": 46, 
    "model": "auth.permission", 
    "fields": {
        "codename": "add_idioma", 
        "name": "Can add idioma", 
        "content_type": 16
    }
},
{
    "pk": 47, 
    "model": "auth.permission", 
    "fields": {
        "codename": "change_idioma", 
        "name": "Can change idioma", 
        "content_type": 16
    }
},
{
    "pk": 48, 
    "model": "auth.permission", 
    "fields": {
        "codename": "delete_idioma", 
        "name": "Can delete idioma", 
        "content_type": 16
    }
},
{
    "pk": 49, 
    "model": "auth.permission", 
    "fields": {
        "codename": "add_conocimiento", 
        "name": "Can add conocimiento", 
        "content_type": 17
    }
},
{
    "pk": 50, 
    "model": "auth.permission", 
    "fields": {
        "codename": "change_conocimiento", 
        "name": "Can change conocimiento", 
        "content_type": 17
    }
},
{
    "pk": 51, 
    "model": "auth.permission", 
    "fields": {
        "codename": "delete_conocimiento", 
        "name": "Can delete conocimiento", 
        "content_type": 17
    }
},
{
    "pk": 52, 
    "model": "auth.permission", 
    "fields": {
        "codename": "add_habilidad", 
        "name": "Can add habilidad", 
        "content_type": 18
    }
},
{
    "pk": 53, 
    "model": "auth.permission", 
    "fields": {
        "codename": "change_habilidad", 
        "name": "Can change habilidad", 
        "content_type": 18
    }
},
{
    "pk": 54, 
    "model": "auth.permission", 
    "fields": {
        "codename": "delete_habilidad", 
        "name": "Can delete habilidad", 
        "content_type": 18
    }
},
{
    "pk": 55, 
    "model": "auth.permission", 
    "fields": {
        "codename": "add_tipocompetencia", 
        "name": "Can add tipo de competencia", 
        "content_type": 19
    }
},
{
    "pk": 56, 
    "model": "auth.permission", 
    "fields": {
        "codename": "change_tipocompetencia", 
        "name": "Can change tipo de competencia", 
        "content_type": 19
    }
},
{
    "pk": 57, 
    "model": "auth.permission", 
    "fields": {
        "codename": "delete_tipocompetencia", 
        "name": "Can delete tipo de competencia", 
        "content_type": 19
    }
},
{
    "pk": 58, 
    "model": "auth.permission", 
    "fields": {
        "codename": "add_listacompetencia", 
        "name": "Can add lista de competancia", 
        "content_type": 20
    }
},
{
    "pk": 59, 
    "model": "auth.permission", 
    "fields": {
        "codename": "change_listacompetencia", 
        "name": "Can change lista de competancia", 
        "content_type": 20
    }
},
{
    "pk": 60, 
    "model": "auth.permission", 
    "fields": {
        "codename": "delete_listacompetencia", 
        "name": "Can delete lista de competancia", 
        "content_type": 20
    }
},
{
    "pk": 61, 
    "model": "auth.permission", 
    "fields": {
        "codename": "add_competencia", 
        "name": "Can add competencia", 
        "content_type": 21
    }
},
{
    "pk": 62, 
    "model": "auth.permission", 
    "fields": {
        "codename": "change_competencia", 
        "name": "Can change competencia", 
        "content_type": 21
    }
},
{
    "pk": 63, 
    "model": "auth.permission", 
    "fields": {
        "codename": "delete_competencia", 
        "name": "Can delete competencia", 
        "content_type": 21
    }
},
{
    "pk": 64, 
    "model": "auth.permission", 
    "fields": {
        "codename": "add_aprobacion", 
        "name": "Can add aprobaci\u00f3n", 
        "content_type": 22
    }
},
{
    "pk": 65, 
    "model": "auth.permission", 
    "fields": {
        "codename": "change_aprobacion", 
        "name": "Can change aprobaci\u00f3n", 
        "content_type": 22
    }
},
{
    "pk": 66, 
    "model": "auth.permission", 
    "fields": {
        "codename": "delete_aprobacion", 
        "name": "Can delete aprobaci\u00f3n", 
        "content_type": 22
    }
},
{
    "pk": 67, 
    "model": "auth.permission", 
    "fields": {
        "codename": "add_instrumento", 
        "name": "Can add instrumento", 
        "content_type": 23
    }
},
{
    "pk": 68, 
    "model": "auth.permission", 
    "fields": {
        "codename": "change_instrumento", 
        "name": "Can change instrumento", 
        "content_type": 23
    }
},
{
    "pk": 69, 
    "model": "auth.permission", 
    "fields": {
        "codename": "delete_instrumento", 
        "name": "Can delete instrumento", 
        "content_type": 23
    }
},
{
    "pk": 70, 
    "model": "auth.permission", 
    "fields": {
        "codename": "add_evaluacion", 
        "name": "Can add evaluaci\u00f3n", 
        "content_type": 24
    }
},
{
    "pk": 71, 
    "model": "auth.permission", 
    "fields": {
        "codename": "change_evaluacion", 
        "name": "Can change evaluaci\u00f3n", 
        "content_type": 24
    }
},
{
    "pk": 72, 
    "model": "auth.permission", 
    "fields": {
        "codename": "delete_evaluacion", 
        "name": "Can delete evaluaci\u00f3n", 
        "content_type": 24
    }
},
{
    "pk": 73, 
    "model": "auth.permission", 
    "fields": {
        "codename": "add_curso", 
        "name": "Can add curso", 
        "content_type": 25
    }
},
{
    "pk": 74, 
    "model": "auth.permission", 
    "fields": {
        "codename": "change_curso", 
        "name": "Can change curso", 
        "content_type": 25
    }
},
{
    "pk": 75, 
    "model": "auth.permission", 
    "fields": {
        "codename": "delete_curso", 
        "name": "Can delete curso", 
        "content_type": 25
    }
},
{
    "pk": 76, 
    "model": "auth.permission", 
    "fields": {
        "codename": "add_laboral", 
        "name": "Can add laboral", 
        "content_type": 26
    }
},
{
    "pk": 77, 
    "model": "auth.permission", 
    "fields": {
        "codename": "change_laboral", 
        "name": "Can change laboral", 
        "content_type": 26
    }
},
{
    "pk": 78, 
    "model": "auth.permission", 
    "fields": {
        "codename": "delete_laboral", 
        "name": "Can delete laboral", 
        "content_type": 26
    }
},
{
    "pk": 79, 
    "model": "auth.permission", 
    "fields": {
        "codename": "add_educacion", 
        "name": "Can add educaci\u00f3n", 
        "content_type": 27
    }
},
{
    "pk": 80, 
    "model": "auth.permission", 
    "fields": {
        "codename": "change_educacion", 
        "name": "Can change educaci\u00f3n", 
        "content_type": 27
    }
},
{
    "pk": 81, 
    "model": "auth.permission", 
    "fields": {
        "codename": "delete_educacion", 
        "name": "Can delete educaci\u00f3n", 
        "content_type": 27
    }
},
{
    "pk": 82, 
    "model": "auth.permission", 
    "fields": {
        "codename": "add_tipoeducacion", 
        "name": "Can add tipos de educaci\u00f3n", 
        "content_type": 28
    }
},
{
    "pk": 83, 
    "model": "auth.permission", 
    "fields": {
        "codename": "change_tipoeducacion", 
        "name": "Can change tipos de educaci\u00f3n", 
        "content_type": 28
    }
},
{
    "pk": 84, 
    "model": "auth.permission", 
    "fields": {
        "codename": "delete_tipoeducacion", 
        "name": "Can delete tipos de educaci\u00f3n", 
        "content_type": 28
    }
},
{
    "pk": 85, 
    "model": "auth.permission", 
    "fields": {
        "codename": "add_ambito", 
        "name": "Can add \u00e1mbito", 
        "content_type": 29
    }
},
{
    "pk": 86, 
    "model": "auth.permission", 
    "fields": {
        "codename": "change_ambito", 
        "name": "Can change \u00e1mbito", 
        "content_type": 29
    }
},
{
    "pk": 87, 
    "model": "auth.permission", 
    "fields": {
        "codename": "delete_ambito", 
        "name": "Can delete \u00e1mbito", 
        "content_type": 29
    }
},
{
    "pk": 88, 
    "model": "auth.permission", 
    "fields": {
        "codename": "add_pais", 
        "name": "Can add pa\u00eds", 
        "content_type": 30
    }
},
{
    "pk": 89, 
    "model": "auth.permission", 
    "fields": {
        "codename": "change_pais", 
        "name": "Can change pa\u00eds", 
        "content_type": 30
    }
},
{
    "pk": 90, 
    "model": "auth.permission", 
    "fields": {
        "codename": "delete_pais", 
        "name": "Can delete pa\u00eds", 
        "content_type": 30
    }
},
{
    "pk": 91, 
    "model": "auth.permission", 
    "fields": {
        "codename": "add_estado", 
        "name": "Can add estado", 
        "content_type": 31
    }
},
{
    "pk": 92, 
    "model": "auth.permission", 
    "fields": {
        "codename": "change_estado", 
        "name": "Can change estado", 
        "content_type": 31
    }
},
{
    "pk": 93, 
    "model": "auth.permission", 
    "fields": {
        "codename": "delete_estado", 
        "name": "Can delete estado", 
        "content_type": 31
    }
},
{
    "pk": 94, 
    "model": "auth.permission", 
    "fields": {
        "codename": "add_institucion", 
        "name": "Can add instituci\u00f3n", 
        "content_type": 32
    }
},
{
    "pk": 95, 
    "model": "auth.permission", 
    "fields": {
        "codename": "change_institucion", 
        "name": "Can change instituci\u00f3n", 
        "content_type": 32
    }
},
{
    "pk": 96, 
    "model": "auth.permission", 
    "fields": {
        "codename": "delete_institucion", 
        "name": "Can delete instituci\u00f3n", 
        "content_type": 32
    }
},
{
    "pk": 97, 
    "model": "auth.permission", 
    "fields": {
        "codename": "add_nacionalidad", 
        "name": "Can add nacionalidad", 
        "content_type": 33
    }
},
{
    "pk": 98, 
    "model": "auth.permission", 
    "fields": {
        "codename": "change_nacionalidad", 
        "name": "Can change nacionalidad", 
        "content_type": 33
    }
},
{
    "pk": 99, 
    "model": "auth.permission", 
    "fields": {
        "codename": "delete_nacionalidad", 
        "name": "Can delete nacionalidad", 
        "content_type": 33
    }
},
{
    "pk": 100, 
    "model": "auth.permission", 
    "fields": {
        "codename": "add_estatus", 
        "name": "Can add estatus", 
        "content_type": 34
    }
},
{
    "pk": 101, 
    "model": "auth.permission", 
    "fields": {
        "codename": "change_estatus", 
        "name": "Can change estatus", 
        "content_type": 34
    }
},
{
    "pk": 102, 
    "model": "auth.permission", 
    "fields": {
        "codename": "delete_estatus", 
        "name": "Can delete estatus", 
        "content_type": 34
    }
},
{
    "pk": 103, 
    "model": "auth.permission", 
    "fields": {
        "codename": "add_persona", 
        "name": "Can add persona", 
        "content_type": 35
    }
},
{
    "pk": 104, 
    "model": "auth.permission", 
    "fields": {
        "codename": "change_persona", 
        "name": "Can change persona", 
        "content_type": 35
    }
},
{
    "pk": 105, 
    "model": "auth.permission", 
    "fields": {
        "codename": "delete_persona", 
        "name": "Can delete persona", 
        "content_type": 35
    }
},
{
    "pk": 106, 
    "model": "auth.permission", 
    "fields": {
        "codename": "add_auditor", 
        "name": "Can add auditor", 
        "content_type": 36
    }
},
{
    "pk": 107, 
    "model": "auth.permission", 
    "fields": {
        "codename": "change_auditor", 
        "name": "Can change auditor", 
        "content_type": 36
    }
},
{
    "pk": 108, 
    "model": "auth.permission", 
    "fields": {
        "codename": "delete_auditor", 
        "name": "Can delete auditor", 
        "content_type": 36
    }
},
{
    "pk": 109, 
    "model": "auth.permission", 
    "fields": {
        "codename": "add_certificadoelectronico", 
        "name": "Can add certificado electr\u00f3nico", 
        "content_type": 37
    }
},
{
    "pk": 110, 
    "model": "auth.permission", 
    "fields": {
        "codename": "change_certificadoelectronico", 
        "name": "Can change certificado electr\u00f3nico", 
        "content_type": 37
    }
},
{
    "pk": 111, 
    "model": "auth.permission", 
    "fields": {
        "codename": "delete_certificadoelectronico", 
        "name": "Can delete certificado electr\u00f3nico", 
        "content_type": 37
    }
},
{
    "pk": 1, 
    "model": "auth.group", 
    "fields": {
        "name": "Operador", 
        "permissions": [
            2, 
            20, 
            17, 
            11, 
            14, 
            32, 
            34, 
            35, 
            85, 
            86, 
            87, 
            64, 
            65, 
            41, 
            61, 
            62, 
            79, 
            80, 
            46, 
            47, 
            67, 
            68, 
            58, 
            59, 
            44, 
            55, 
            56, 
            82, 
            83, 
            94, 
            95, 
            97, 
            98, 
            88, 
            89, 
            29
        ]
    }
},
{
    "pk": 1, 
    "model": "auth.user", 
    "fields": {
        "username": "axelio", 
        "first_name": "", 
        "last_name": "", 
        "is_active": true, 
        "is_superuser": true, 
        "is_staff": true, 
        "last_login": "2014-09-22T14:51:52.133Z", 
        "groups": [], 
        "user_permissions": [], 
        "password": "pbkdf2_sha256$12000$niLSmHztoDOK$kX8yRcK33/52+8NmIDZMN1Fpl7XvAPl4bwba0fdDvNI=", 
        "email": "diaz.axelio@gmail.com", 
        "date_joined": "2014-06-12T18:07:52Z"
    }
},
{
    "pk": 2, 
    "model": "auth.user", 
    "fields": {
        "username": "operador", 
        "first_name": "", 
        "last_name": "", 
        "is_active": true, 
        "is_superuser": false, 
        "is_staff": false, 
        "last_login": "2014-09-22T14:52:45.981Z", 
        "groups": [
            1
        ], 
        "user_permissions": [], 
        "password": "pbkdf2_sha256$12000$qrkII6PHCbCn$LbdzvwR3MgfsiY6+JRp1gmPFCyCERIxYJReIdsjsOtk=", 
        "email": "", 
        "date_joined": "2014-06-16T14:32:15Z"
    }
},
{
    "pk": 3, 
    "model": "auth.user", 
    "fields": {
        "username": "pedro_pablo_castillo@hotmail.com", 
        "first_name": "PEDRO", 
        "last_name": "CASTILLO", 
        "is_active": true, 
        "is_superuser": false, 
        "is_staff": false, 
        "last_login": "2014-09-22T14:53:25.173Z", 
        "groups": [], 
        "user_permissions": [], 
        "password": "pbkdf2_sha256$12000$gjgL0jnghWPi$t0aIKV99YDJ4sxcOsF+jO1JrojXYOLqdbSxUvtQrCVI=", 
        "email": "pedro_pablo_castillo@hotmail.com", 
        "date_joined": "2014-09-22T14:52:56.004Z"
    }
},
{
    "pk": 4, 
    "model": "auth.user", 
    "fields": {
        "username": "superuser", 
        "first_name": "", 
        "last_name": "", 
        "is_active": true, 
        "is_superuser": true, 
        "is_staff": true, 
        "last_login": "2014-09-22T14:59:05.461Z", 
        "groups": [], 
        "user_permissions": [], 
        "password": "pbkdf2_sha256$12000$H27JHtOuVCOR$zJXKE9kgpU6X2kKqk9S6pVbp6FU9PGIs/c+nmxpD/sA=", 
        "email": "", 
        "date_joined": "2014-09-22T14:58:57Z"
    }
},
{
    "pk": 1, 
    "model": "authentication.userprofile", 
    "fields": {
        "persona": 1, 
        "user": 1
    }
},
{
    "pk": 2, 
    "model": "authentication.userprofile", 
    "fields": {
        "persona": 2, 
        "user": 2
    }
},
{
    "pk": 3, 
    "model": "authentication.userprofile", 
    "fields": {
        "persona": null, 
        "user": 3
    }
},
{
    "pk": 4, 
    "model": "authentication.userprofile", 
    "fields": {
        "persona": 3, 
        "user": 3
    }
},
{
    "pk": 1, 
    "model": "authentication.mensaje", 
    "fields": {
        "caso": "Creaci\u00f3n de usuario (email)", 
        "mensaje": "Hemos creado su cuenta exitosamente.\r\n\r\nSu usuario es: <cuenta>\r\nSu contrase\u00f1a es: <clave>\r\n\r\nPor favor, recuerde cambiarla desde su cuenta una vez ingrese en su sesi\u00f3n.\r\n\r\nCordialmente.\r\nSUSCERTE\r\nSuperintendencia de Servicios de Sertificaci\u00f3n Electr\u00f3nica"
    }
},
{
    "pk": 2, 
    "model": "authentication.mensaje", 
    "fields": {
        "caso": "Creaci\u00f3n de usuario (web)", 
        "mensaje": "Se creo la cuenta del nuevo usuario satisfactoriamente y se env\u00edo autom\u00e1ticamente un email al correo registrado, para ingresar al sistema."
    }
},
{
    "pk": 3, 
    "model": "authentication.mensaje", 
    "fields": {
        "caso": "Aprobaci\u00f3n como auditor", 
        "mensaje": "Caracas,  \r\n\r\nCiudadano \r\n<PRIMER_NOMBRE> <PRIMER_APELLIDO>\r\nC.I. N\u00b0 V-<CEDULA>\r\nPresente.-\r\n\r\nPor medio del presente y de conformidad con lo establecido en el art\u00edculo 73 y siguientes de la Ley Org\u00e1nica de Procedimientos Administrativos, cumplo con notificarle la decisi\u00f3n contenida del Providencia Administrativa N\u00ba 011-13, de fecha <FECHA>,  emitida por la SUPERINTENDENCIA DE SERVICIOS DE CERTIFICACI\u00d3N ELECTR\u00d3NICA (SUSCERTE), \u00f3rgano desconcentrado adscrito al Ministerio del Poder Popular para Ciencia, Tecnolog\u00eda e Innovaci\u00f3n, actuando como \u00f3rgano competente, a trav\u00e9s de la cual se resolvi\u00f3 aprobar su inscripci\u00f3n en el Registro de Auditores de esta Superintendencia por el lapso de tres (03) a\u00f1os contados a partir de la fecha de emisi\u00f3n del referido acto, ello de conformidad con los fundamentos de hecho y de derecho explanados en la motivaci\u00f3n del documento cuyo original se acompa\u00f1a a la presente notificaci\u00f3n. "
    }
},
{
    "pk": 4, 
    "model": "authentication.mensaje", 
    "fields": {
        "caso": "No aprobaci\u00f3n como auditor", 
        "mensaje": "Caracas,  \r\n\r\nCiudadano \r\n<PRIMER_NOMBRE> <PRIMER_APELLIDO>\r\nC.I. N\u00b0 V-<CEDULA>\r\nPresente.-\r\n\r\nPor medio del presente y de conformidad con lo establecido en los art\u00edculos 73 y 75 la Ley Org\u00e1nica de Procedimientos Administrativos, cumplo con notificarle la decisi\u00f3n contenida del Providencia Administrativa N\u00ba 019-13, de fecha <FECHA>,  emitida por la SUPERINTENDENCIA DE SERVICIOS DE CERTIFICACI\u00d3N ELECTR\u00d3NICA (SUSCERTE), \u00f3rgano desconcentrado adscrito al Ministerio del Poder Popular para Ciencia, Tecnolog\u00eda e Innovaci\u00f3n, actuando como \u00f3rgano competente, a trav\u00e9s de la cual se resolvi\u00f3 negar su solicitud de inscripci\u00f3n en el Registro de Auditores de esta Superintendencia, ello de conformidad con los fundamentos de hecho y de derecho explanados en la motivaci\u00f3n del referido acto administrativo, cuyo documento original se acompa\u00f1a a la presente notificaci\u00f3n. \r\n\r\nDe igual forma, se le hace expresa menci\u00f3n que de considerar lesionado sus derechos o intereses leg\u00edtimos con la presente decisi\u00f3n, podr\u00e1 ejercer Recurso de Reconsideraci\u00f3n, por ante este mismo despacho, dentro de los quince (15) d\u00edas h\u00e1biles siguientes a su notificaci\u00f3n, conforme al art\u00edculo 94 de la Ley Org\u00e1nica de Procedimientos Administrativos. Igualmente, podr\u00e1 recurrir del mencionado acto, sin necesidad de agotar previamente la v\u00eda administrativa, por ante los tribunales de la Jurisdicci\u00f3n Contencioso Administrativa competentes, de conformidad con los art\u00edculos 27 y 32 de la Ley Org\u00e1nica de la Jurisdicci\u00f3n Contencioso Administrativa, dentro de los ciento ochenta (180) d\u00edas siguientes a la notificaci\u00f3n."
    }
},
{
    "pk": 5, 
    "model": "authentication.mensaje", 
    "fields": {
        "caso": "Postulaci\u00f3n de cita", 
        "mensaje": "Saludos cordiales.\r\n\r\nPor medio del presente se le informa que su cita para continuar en el proceso de Registro de Auditores ante la SUPERINTENDENCIA DE SERVICIOS DE CERTIFICACI\u00d3N ELECTR\u00d3NICA (SUSCERTE), fue asignada con fecha <fecha>.\r\n\r\nDirecci\u00f3n: Av. Andr\u00e9s Bello. Edif. BFC. Piso 13. SUSCERTE. Caracas. Venezuela."
    }
},
{
    "pk": 6, 
    "model": "authentication.mensaje", 
    "fields": {
        "caso": "Propuesta de cita", 
        "mensaje": "Ha llegado una nueva solicitud de cita para entrevista, por lo que este correo le ha llegado a los operadores para definir su fecha. Ahora mismo puede revisar la propuesta en: <LINK>"
    }
},
{
    "pk": 1, 
    "model": "personas.estatus", 
    "fields": {
        "nombre": "Inscrito", 
        "dependencia": null
    }
},
{
    "pk": 2, 
    "model": "personas.estatus", 
    "fields": {
        "nombre": "Renovado", 
        "dependencia": 1
    }
},
{
    "pk": 3, 
    "model": "personas.estatus", 
    "fields": {
        "nombre": "Vencido", 
        "dependencia": 1
    }
},
{
    "pk": 4, 
    "model": "personas.estatus", 
    "fields": {
        "nombre": "Denegado", 
        "dependencia": null
    }
},
{
    "pk": 5, 
    "model": "personas.estatus", 
    "fields": {
        "nombre": "Suspendido", 
        "dependencia": 1
    }
},
{
    "pk": 6, 
    "model": "personas.estatus", 
    "fields": {
        "nombre": "Revocado", 
        "dependencia": 1
    }
},
{
    "pk": 7, 
    "model": "personas.estatus", 
    "fields": {
        "nombre": "Retirado", 
        "dependencia": 1
    }
},
{
    "pk": 1, 
    "model": "personas.persona", 
    "fields": {
        "reside": 3, 
        "fecha_nacimiento": "1990-08-20", 
        "tlf_contacto": "fijo", 
        "genero": 0, 
        "tlf_reside": "02446634984", 
        "tlf_movil": "", 
        "tlf_oficina": "", 
        "direccion": "", 
        "email": "diaz.axelio@gmail.com", 
        "segundo_apellido": "", 
        "segundo_nombre": "", 
        "primer_apellido": "D\u00edaz", 
        "primer_nombre": "Axel", 
        "estado_civil": "s", 
        "cedula": "19276008"
    }
},
{
    "pk": 2, 
    "model": "personas.persona", 
    "fields": {
        "reside": 10, 
        "fecha_nacimiento": "2014-06-16", 
        "tlf_contacto": "fijo", 
        "genero": 0, 
        "tlf_reside": "02446634984", 
        "tlf_movil": "", 
        "tlf_oficina": "", 
        "direccion": "", 
        "email": "asd@asd.com", 
        "segundo_apellido": "", 
        "segundo_nombre": "", 
        "primer_apellido": "opera", 
        "primer_nombre": "operador", 
        "estado_civil": "s", 
        "cedula": "1234567"
    }
},
{
    "pk": 3, 
    "model": "personas.persona", 
    "fields": {
        "reside": 1, 
        "fecha_nacimiento": "2014-04-15", 
        "tlf_contacto": "movil", 
        "genero": 1, 
        "tlf_reside": "0212558874", 
        "tlf_movil": "04125858555", 
        "tlf_oficina": "021255888", 
        "direccion": "PETARE", 
        "email": "pedro_pablo_castillo@hotmail.com", 
        "segundo_apellido": "CACERES", 
        "segundo_nombre": "PABLO", 
        "primer_apellido": "CASTILLO", 
        "primer_nombre": "PEDRO", 
        "estado_civil": "s", 
        "cedula": "144665652"
    }
},
{
    "pk": 1, 
    "model": "authentication.userprofile", 
    "fields": {
        "persona": 1, 
        "user": 1
    }
},
{
    "pk": 2, 
    "model": "authentication.userprofile", 
    "fields": {
        "persona": 2, 
        "user": 2
    }
},
{
    "pk": 3, 
    "model": "authentication.userprofile", 
    "fields": {
        "persona": null, 
        "user": 3
    }
},
{
    "pk": 4, 
    "model": "authentication.userprofile", 
    "fields": {
        "persona": 3, 
        "user": 3
    }
},
{
    "pk": 1, 
    "model": "auth.user", 
    "fields": {
        "username": "axelio", 
        "first_name": "", 
        "last_name": "", 
        "is_active": true, 
        "is_superuser": true, 
        "is_staff": true, 
        "last_login": "2014-09-22T14:51:52.133Z", 
        "groups": [], 
        "user_permissions": [], 
        "password": "pbkdf2_sha256$12000$niLSmHztoDOK$kX8yRcK33/52+8NmIDZMN1Fpl7XvAPl4bwba0fdDvNI=", 
        "email": "diaz.axelio@gmail.com", 
        "date_joined": "2014-06-12T18:07:52Z"
    }
},
{
    "pk": 2, 
    "model": "auth.user", 
    "fields": {
        "username": "operador", 
        "first_name": "", 
        "last_name": "", 
        "is_active": true, 
        "is_superuser": false, 
        "is_staff": false, 
        "last_login": "2014-09-22T14:52:45.981Z", 
        "groups": [
            1
        ], 
        "user_permissions": [], 
        "password": "pbkdf2_sha256$12000$qrkII6PHCbCn$LbdzvwR3MgfsiY6+JRp1gmPFCyCERIxYJReIdsjsOtk=", 
        "email": "", 
        "date_joined": "2014-06-16T14:32:15Z"
    }
},
{
    "pk": 3, 
    "model": "auth.user", 
    "fields": {
        "username": "pedro_pablo_castillo@hotmail.com", 
        "first_name": "PEDRO", 
        "last_name": "CASTILLO", 
        "is_active": true, 
        "is_superuser": false, 
        "is_staff": false, 
        "last_login": "2014-09-22T14:53:25.173Z", 
        "groups": [], 
        "user_permissions": [], 
        "password": "pbkdf2_sha256$12000$gjgL0jnghWPi$t0aIKV99YDJ4sxcOsF+jO1JrojXYOLqdbSxUvtQrCVI=", 
        "email": "pedro_pablo_castillo@hotmail.com", 
        "date_joined": "2014-09-22T14:52:56.004Z"
    }
},
{
    "pk": 4, 
    "model": "auth.user", 
    "fields": {
        "username": "superuser", 
        "first_name": "", 
        "last_name": "", 
        "is_active": true, 
        "is_superuser": true, 
        "is_staff": true, 
        "last_login": "2014-09-22T14:59:05.461Z", 
        "groups": [], 
        "user_permissions": [], 
        "password": "pbkdf2_sha256$12000$H27JHtOuVCOR$zJXKE9kgpU6X2kKqk9S6pVbp6FU9PGIs/c+nmxpD/sA=", 
        "email": "", 
        "date_joined": "2014-09-22T14:58:57Z"
    }
},
{
    "pk": 1, 
    "model": "auth.group", 
    "fields": {
        "name": "Operador", 
        "permissions": [
            2, 
            20, 
            17, 
            11, 
            14, 
            32, 
            34, 
            35, 
            85, 
            86, 
            87, 
            64, 
            65, 
            41, 
            61, 
            62, 
            79, 
            80, 
            46, 
            47, 
            67, 
            68, 
            58, 
            59, 
            44, 
            55, 
            56, 
            82, 
            83, 
            94, 
            95, 
            97, 
            98, 
            88, 
            89, 
            29
        ]
    }
},
{
    "pk": 1, 
    "model": "auth.permission", 
    "fields": {
        "codename": "add_logentry", 
        "name": "Can add log entry", 
        "content_type": 1
    }
},
{
    "pk": 2, 
    "model": "auth.permission", 
    "fields": {
        "codename": "change_logentry", 
        "name": "Can change log entry", 
        "content_type": 1
    }
},
{
    "pk": 3, 
    "model": "auth.permission", 
    "fields": {
        "codename": "delete_logentry", 
        "name": "Can delete log entry", 
        "content_type": 1
    }
},
{
    "pk": 4, 
    "model": "auth.permission", 
    "fields": {
        "codename": "add_permission", 
        "name": "Can add permission", 
        "content_type": 2
    }
},
{
    "pk": 5, 
    "model": "auth.permission", 
    "fields": {
        "codename": "change_permission", 
        "name": "Can change permission", 
        "content_type": 2
    }
},
{
    "pk": 6, 
    "model": "auth.permission", 
    "fields": {
        "codename": "delete_permission", 
        "name": "Can delete permission", 
        "content_type": 2
    }
},
{
    "pk": 7, 
    "model": "auth.permission", 
    "fields": {
        "codename": "add_group", 
        "name": "Can add group", 
        "content_type": 3
    }
},
{
    "pk": 8, 
    "model": "auth.permission", 
    "fields": {
        "codename": "change_group", 
        "name": "Can change group", 
        "content_type": 3
    }
},
{
    "pk": 9, 
    "model": "auth.permission", 
    "fields": {
        "codename": "delete_group", 
        "name": "Can delete group", 
        "content_type": 3
    }
},
{
    "pk": 10, 
    "model": "auth.permission", 
    "fields": {
        "codename": "add_user", 
        "name": "Can add user", 
        "content_type": 4
    }
},
{
    "pk": 11, 
    "model": "auth.permission", 
    "fields": {
        "codename": "change_user", 
        "name": "Can change user", 
        "content_type": 4
    }
},
{
    "pk": 12, 
    "model": "auth.permission", 
    "fields": {
        "codename": "delete_user", 
        "name": "Can delete user", 
        "content_type": 4
    }
},
{
    "pk": 13, 
    "model": "auth.permission", 
    "fields": {
        "codename": "add_userprofile", 
        "name": "Can add Usuario", 
        "content_type": 5
    }
},
{
    "pk": 14, 
    "model": "auth.permission", 
    "fields": {
        "codename": "change_userprofile", 
        "name": "Can change Usuario", 
        "content_type": 5
    }
},
{
    "pk": 15, 
    "model": "auth.permission", 
    "fields": {
        "codename": "delete_userprofile", 
        "name": "Can delete Usuario", 
        "content_type": 5
    }
},
{
    "pk": 16, 
    "model": "auth.permission", 
    "fields": {
        "codename": "add_mensaje", 
        "name": "Can add mensaje", 
        "content_type": 6
    }
},
{
    "pk": 17, 
    "model": "auth.permission", 
    "fields": {
        "codename": "change_mensaje", 
        "name": "Can change mensaje", 
        "content_type": 6
    }
},
{
    "pk": 18, 
    "model": "auth.permission", 
    "fields": {
        "codename": "delete_mensaje", 
        "name": "Can delete mensaje", 
        "content_type": 6
    }
},
{
    "pk": 19, 
    "model": "auth.permission", 
    "fields": {
        "codename": "add_logentry", 
        "name": "Can add log entry", 
        "content_type": 7
    }
},
{
    "pk": 20, 
    "model": "auth.permission", 
    "fields": {
        "codename": "change_logentry", 
        "name": "Can change log entry", 
        "content_type": 7
    }
},
{
    "pk": 21, 
    "model": "auth.permission", 
    "fields": {
        "codename": "delete_logentry", 
        "name": "Can delete log entry", 
        "content_type": 7
    }
},
{
    "pk": 22, 
    "model": "auth.permission", 
    "fields": {
        "codename": "add_contenttype", 
        "name": "Can add content type", 
        "content_type": 8
    }
},
{
    "pk": 23, 
    "model": "auth.permission", 
    "fields": {
        "codename": "change_contenttype", 
        "name": "Can change content type", 
        "content_type": 8
    }
},
{
    "pk": 24, 
    "model": "auth.permission", 
    "fields": {
        "codename": "delete_contenttype", 
        "name": "Can delete content type", 
        "content_type": 8
    }
},
{
    "pk": 25, 
    "model": "auth.permission", 
    "fields": {
        "codename": "add_session", 
        "name": "Can add session", 
        "content_type": 9
    }
},
{
    "pk": 26, 
    "model": "auth.permission", 
    "fields": {
        "codename": "change_session", 
        "name": "Can change session", 
        "content_type": 9
    }
},
{
    "pk": 27, 
    "model": "auth.permission", 
    "fields": {
        "codename": "delete_session", 
        "name": "Can delete session", 
        "content_type": 9
    }
},
{
    "pk": 28, 
    "model": "auth.permission", 
    "fields": {
        "codename": "add_site", 
        "name": "Can add site", 
        "content_type": 10
    }
},
{
    "pk": 29, 
    "model": "auth.permission", 
    "fields": {
        "codename": "change_site", 
        "name": "Can change site", 
        "content_type": 10
    }
},
{
    "pk": 30, 
    "model": "auth.permission", 
    "fields": {
        "codename": "delete_site", 
        "name": "Can delete site", 
        "content_type": 10
    }
},
{
    "pk": 31, 
    "model": "auth.permission", 
    "fields": {
        "codename": "add_accessattempt", 
        "name": "Can add access attempt", 
        "content_type": 11
    }
},
{
    "pk": 32, 
    "model": "auth.permission", 
    "fields": {
        "codename": "change_accessattempt", 
        "name": "Can change access attempt", 
        "content_type": 11
    }
},
{
    "pk": 33, 
    "model": "auth.permission", 
    "fields": {
        "codename": "delete_accessattempt", 
        "name": "Can delete access attempt", 
        "content_type": 11
    }
},
{
    "pk": 34, 
    "model": "auth.permission", 
    "fields": {
        "codename": "add_accesslog", 
        "name": "Can add access log", 
        "content_type": 12
    }
},
{
    "pk": 35, 
    "model": "auth.permission", 
    "fields": {
        "codename": "change_accesslog", 
        "name": "Can change access log", 
        "content_type": 12
    }
},
{
    "pk": 36, 
    "model": "auth.permission", 
    "fields": {
        "codename": "delete_accesslog", 
        "name": "Can delete access log", 
        "content_type": 12
    }
},
{
    "pk": 37, 
    "model": "auth.permission", 
    "fields": {
        "codename": "add_certificacion", 
        "name": "Can add certificaci\u00f3n", 
        "content_type": 13
    }
},
{
    "pk": 38, 
    "model": "auth.permission", 
    "fields": {
        "codename": "change_certificacion", 
        "name": "Can change certificaci\u00f3n", 
        "content_type": 13
    }
},
{
    "pk": 39, 
    "model": "auth.permission", 
    "fields": {
        "codename": "delete_certificacion", 
        "name": "Can delete certificaci\u00f3n", 
        "content_type": 13
    }
},
{
    "pk": 40, 
    "model": "auth.permission", 
    "fields": {
        "codename": "add_cita", 
        "name": "Can add cita", 
        "content_type": 14
    }
},
{
    "pk": 41, 
    "model": "auth.permission", 
    "fields": {
        "codename": "change_cita", 
        "name": "Can change cita", 
        "content_type": 14
    }
},
{
    "pk": 42, 
    "model": "auth.permission", 
    "fields": {
        "codename": "delete_cita", 
        "name": "Can delete cita", 
        "content_type": 14
    }
},
{
    "pk": 43, 
    "model": "auth.permission", 
    "fields": {
        "codename": "add_listaidiomas", 
        "name": "Can add lista de idiomas", 
        "content_type": 15
    }
},
{
    "pk": 44, 
    "model": "auth.permission", 
    "fields": {
        "codename": "change_listaidiomas", 
        "name": "Can change lista de idiomas", 
        "content_type": 15
    }
},
{
    "pk": 45, 
    "model": "auth.permission", 
    "fields": {
        "codename": "delete_listaidiomas", 
        "name": "Can delete lista de idiomas", 
        "content_type": 15
    }
},
{
    "pk": 46, 
    "model": "auth.permission", 
    "fields": {
        "codename": "add_idioma", 
        "name": "Can add idioma", 
        "content_type": 16
    }
},
{
    "pk": 47, 
    "model": "auth.permission", 
    "fields": {
        "codename": "change_idioma", 
        "name": "Can change idioma", 
        "content_type": 16
    }
},
{
    "pk": 48, 
    "model": "auth.permission", 
    "fields": {
        "codename": "delete_idioma", 
        "name": "Can delete idioma", 
        "content_type": 16
    }
},
{
    "pk": 49, 
    "model": "auth.permission", 
    "fields": {
        "codename": "add_conocimiento", 
        "name": "Can add conocimiento", 
        "content_type": 17
    }
},
{
    "pk": 50, 
    "model": "auth.permission", 
    "fields": {
        "codename": "change_conocimiento", 
        "name": "Can change conocimiento", 
        "content_type": 17
    }
},
{
    "pk": 51, 
    "model": "auth.permission", 
    "fields": {
        "codename": "delete_conocimiento", 
        "name": "Can delete conocimiento", 
        "content_type": 17
    }
},
{
    "pk": 52, 
    "model": "auth.permission", 
    "fields": {
        "codename": "add_habilidad", 
        "name": "Can add habilidad", 
        "content_type": 18
    }
},
{
    "pk": 53, 
    "model": "auth.permission", 
    "fields": {
        "codename": "change_habilidad", 
        "name": "Can change habilidad", 
        "content_type": 18
    }
},
{
    "pk": 54, 
    "model": "auth.permission", 
    "fields": {
        "codename": "delete_habilidad", 
        "name": "Can delete habilidad", 
        "content_type": 18
    }
},
{
    "pk": 55, 
    "model": "auth.permission", 
    "fields": {
        "codename": "add_tipocompetencia", 
        "name": "Can add tipo de competencia", 
        "content_type": 19
    }
},
{
    "pk": 56, 
    "model": "auth.permission", 
    "fields": {
        "codename": "change_tipocompetencia", 
        "name": "Can change tipo de competencia", 
        "content_type": 19
    }
},
{
    "pk": 57, 
    "model": "auth.permission", 
    "fields": {
        "codename": "delete_tipocompetencia", 
        "name": "Can delete tipo de competencia", 
        "content_type": 19
    }
},
{
    "pk": 58, 
    "model": "auth.permission", 
    "fields": {
        "codename": "add_listacompetencia", 
        "name": "Can add lista de competancia", 
        "content_type": 20
    }
},
{
    "pk": 59, 
    "model": "auth.permission", 
    "fields": {
        "codename": "change_listacompetencia", 
        "name": "Can change lista de competancia", 
        "content_type": 20
    }
},
{
    "pk": 60, 
    "model": "auth.permission", 
    "fields": {
        "codename": "delete_listacompetencia", 
        "name": "Can delete lista de competancia", 
        "content_type": 20
    }
},
{
    "pk": 61, 
    "model": "auth.permission", 
    "fields": {
        "codename": "add_competencia", 
        "name": "Can add competencia", 
        "content_type": 21
    }
},
{
    "pk": 62, 
    "model": "auth.permission", 
    "fields": {
        "codename": "change_competencia", 
        "name": "Can change competencia", 
        "content_type": 21
    }
},
{
    "pk": 63, 
    "model": "auth.permission", 
    "fields": {
        "codename": "delete_competencia", 
        "name": "Can delete competencia", 
        "content_type": 21
    }
},
{
    "pk": 64, 
    "model": "auth.permission", 
    "fields": {
        "codename": "add_aprobacion", 
        "name": "Can add aprobaci\u00f3n", 
        "content_type": 22
    }
},
{
    "pk": 65, 
    "model": "auth.permission", 
    "fields": {
        "codename": "change_aprobacion", 
        "name": "Can change aprobaci\u00f3n", 
        "content_type": 22
    }
},
{
    "pk": 66, 
    "model": "auth.permission", 
    "fields": {
        "codename": "delete_aprobacion", 
        "name": "Can delete aprobaci\u00f3n", 
        "content_type": 22
    }
},
{
    "pk": 67, 
    "model": "auth.permission", 
    "fields": {
        "codename": "add_instrumento", 
        "name": "Can add instrumento", 
        "content_type": 23
    }
},
{
    "pk": 68, 
    "model": "auth.permission", 
    "fields": {
        "codename": "change_instrumento", 
        "name": "Can change instrumento", 
        "content_type": 23
    }
},
{
    "pk": 69, 
    "model": "auth.permission", 
    "fields": {
        "codename": "delete_instrumento", 
        "name": "Can delete instrumento", 
        "content_type": 23
    }
},
{
    "pk": 70, 
    "model": "auth.permission", 
    "fields": {
        "codename": "add_evaluacion", 
        "name": "Can add evaluaci\u00f3n", 
        "content_type": 24
    }
},
{
    "pk": 71, 
    "model": "auth.permission", 
    "fields": {
        "codename": "change_evaluacion", 
        "name": "Can change evaluaci\u00f3n", 
        "content_type": 24
    }
},
{
    "pk": 72, 
    "model": "auth.permission", 
    "fields": {
        "codename": "delete_evaluacion", 
        "name": "Can delete evaluaci\u00f3n", 
        "content_type": 24
    }
},
{
    "pk": 73, 
    "model": "auth.permission", 
    "fields": {
        "codename": "add_curso", 
        "name": "Can add curso", 
        "content_type": 25
    }
},
{
    "pk": 74, 
    "model": "auth.permission", 
    "fields": {
        "codename": "change_curso", 
        "name": "Can change curso", 
        "content_type": 25
    }
},
{
    "pk": 75, 
    "model": "auth.permission", 
    "fields": {
        "codename": "delete_curso", 
        "name": "Can delete curso", 
        "content_type": 25
    }
},
{
    "pk": 76, 
    "model": "auth.permission", 
    "fields": {
        "codename": "add_laboral", 
        "name": "Can add laboral", 
        "content_type": 26
    }
},
{
    "pk": 77, 
    "model": "auth.permission", 
    "fields": {
        "codename": "change_laboral", 
        "name": "Can change laboral", 
        "content_type": 26
    }
},
{
    "pk": 78, 
    "model": "auth.permission", 
    "fields": {
        "codename": "delete_laboral", 
        "name": "Can delete laboral", 
        "content_type": 26
    }
},
{
    "pk": 79, 
    "model": "auth.permission", 
    "fields": {
        "codename": "add_educacion", 
        "name": "Can add educaci\u00f3n", 
        "content_type": 27
    }
},
{
    "pk": 80, 
    "model": "auth.permission", 
    "fields": {
        "codename": "change_educacion", 
        "name": "Can change educaci\u00f3n", 
        "content_type": 27
    }
},
{
    "pk": 81, 
    "model": "auth.permission", 
    "fields": {
        "codename": "delete_educacion", 
        "name": "Can delete educaci\u00f3n", 
        "content_type": 27
    }
},
{
    "pk": 82, 
    "model": "auth.permission", 
    "fields": {
        "codename": "add_tipoeducacion", 
        "name": "Can add tipos de educaci\u00f3n", 
        "content_type": 28
    }
},
{
    "pk": 83, 
    "model": "auth.permission", 
    "fields": {
        "codename": "change_tipoeducacion", 
        "name": "Can change tipos de educaci\u00f3n", 
        "content_type": 28
    }
},
{
    "pk": 84, 
    "model": "auth.permission", 
    "fields": {
        "codename": "delete_tipoeducacion", 
        "name": "Can delete tipos de educaci\u00f3n", 
        "content_type": 28
    }
},
{
    "pk": 85, 
    "model": "auth.permission", 
    "fields": {
        "codename": "add_ambito", 
        "name": "Can add \u00e1mbito", 
        "content_type": 29
    }
},
{
    "pk": 86, 
    "model": "auth.permission", 
    "fields": {
        "codename": "change_ambito", 
        "name": "Can change \u00e1mbito", 
        "content_type": 29
    }
},
{
    "pk": 87, 
    "model": "auth.permission", 
    "fields": {
        "codename": "delete_ambito", 
        "name": "Can delete \u00e1mbito", 
        "content_type": 29
    }
},
{
    "pk": 88, 
    "model": "auth.permission", 
    "fields": {
        "codename": "add_pais", 
        "name": "Can add pa\u00eds", 
        "content_type": 30
    }
},
{
    "pk": 89, 
    "model": "auth.permission", 
    "fields": {
        "codename": "change_pais", 
        "name": "Can change pa\u00eds", 
        "content_type": 30
    }
},
{
    "pk": 90, 
    "model": "auth.permission", 
    "fields": {
        "codename": "delete_pais", 
        "name": "Can delete pa\u00eds", 
        "content_type": 30
    }
},
{
    "pk": 91, 
    "model": "auth.permission", 
    "fields": {
        "codename": "add_estado", 
        "name": "Can add estado", 
        "content_type": 31
    }
},
{
    "pk": 92, 
    "model": "auth.permission", 
    "fields": {
        "codename": "change_estado", 
        "name": "Can change estado", 
        "content_type": 31
    }
},
{
    "pk": 93, 
    "model": "auth.permission", 
    "fields": {
        "codename": "delete_estado", 
        "name": "Can delete estado", 
        "content_type": 31
    }
},
{
    "pk": 94, 
    "model": "auth.permission", 
    "fields": {
        "codename": "add_institucion", 
        "name": "Can add instituci\u00f3n", 
        "content_type": 32
    }
},
{
    "pk": 95, 
    "model": "auth.permission", 
    "fields": {
        "codename": "change_institucion", 
        "name": "Can change instituci\u00f3n", 
        "content_type": 32
    }
},
{
    "pk": 96, 
    "model": "auth.permission", 
    "fields": {
        "codename": "delete_institucion", 
        "name": "Can delete instituci\u00f3n", 
        "content_type": 32
    }
},
{
    "pk": 97, 
    "model": "auth.permission", 
    "fields": {
        "codename": "add_nacionalidad", 
        "name": "Can add nacionalidad", 
        "content_type": 33
    }
},
{
    "pk": 98, 
    "model": "auth.permission", 
    "fields": {
        "codename": "change_nacionalidad", 
        "name": "Can change nacionalidad", 
        "content_type": 33
    }
},
{
    "pk": 99, 
    "model": "auth.permission", 
    "fields": {
        "codename": "delete_nacionalidad", 
        "name": "Can delete nacionalidad", 
        "content_type": 33
    }
},
{
    "pk": 100, 
    "model": "auth.permission", 
    "fields": {
        "codename": "add_estatus", 
        "name": "Can add estatus", 
        "content_type": 34
    }
},
{
    "pk": 101, 
    "model": "auth.permission", 
    "fields": {
        "codename": "change_estatus", 
        "name": "Can change estatus", 
        "content_type": 34
    }
},
{
    "pk": 102, 
    "model": "auth.permission", 
    "fields": {
        "codename": "delete_estatus", 
        "name": "Can delete estatus", 
        "content_type": 34
    }
},
{
    "pk": 103, 
    "model": "auth.permission", 
    "fields": {
        "codename": "add_persona", 
        "name": "Can add persona", 
        "content_type": 35
    }
},
{
    "pk": 104, 
    "model": "auth.permission", 
    "fields": {
        "codename": "change_persona", 
        "name": "Can change persona", 
        "content_type": 35
    }
},
{
    "pk": 105, 
    "model": "auth.permission", 
    "fields": {
        "codename": "delete_persona", 
        "name": "Can delete persona", 
        "content_type": 35
    }
},
{
    "pk": 106, 
    "model": "auth.permission", 
    "fields": {
        "codename": "add_auditor", 
        "name": "Can add auditor", 
        "content_type": 36
    }
},
{
    "pk": 107, 
    "model": "auth.permission", 
    "fields": {
        "codename": "change_auditor", 
        "name": "Can change auditor", 
        "content_type": 36
    }
},
{
    "pk": 108, 
    "model": "auth.permission", 
    "fields": {
        "codename": "delete_auditor", 
        "name": "Can delete auditor", 
        "content_type": 36
    }
},
{
    "pk": 109, 
    "model": "auth.permission", 
    "fields": {
        "codename": "add_certificadoelectronico", 
        "name": "Can add certificado electr\u00f3nico", 
        "content_type": 37
    }
},
{
    "pk": 110, 
    "model": "auth.permission", 
    "fields": {
        "codename": "change_certificadoelectronico", 
        "name": "Can change certificado electr\u00f3nico", 
        "content_type": 37
    }
},
{
    "pk": 111, 
    "model": "auth.permission", 
    "fields": {
        "codename": "delete_certificadoelectronico", 
        "name": "Can delete certificado electr\u00f3nico", 
        "content_type": 37
    }
},
{
    "pk": 1, 
    "model": "admin.logentry", 
    "fields": {
        "action_flag": 1, 
        "action_time": "2014-06-12T18:12:05.941Z", 
        "object_repr": "Registrado", 
        "object_id": "1", 
        "change_message": "", 
        "user": 1, 
        "content_type": 34
    }
},
{
    "pk": 2, 
    "model": "admin.logentry", 
    "fields": {
        "action_flag": 1, 
        "action_time": "2014-06-12T18:13:13.622Z", 
        "object_repr": "Renovado", 
        "object_id": "2", 
        "change_message": "", 
        "user": 1, 
        "content_type": 34
    }
},
{
    "pk": 3, 
    "model": "admin.logentry", 
    "fields": {
        "action_flag": 1, 
        "action_time": "2014-06-12T18:16:07.152Z", 
        "object_repr": "Vencido", 
        "object_id": "3", 
        "change_message": "", 
        "user": 1, 
        "content_type": 34
    }
},
{
    "pk": 4, 
    "model": "admin.logentry", 
    "fields": {
        "action_flag": 1, 
        "action_time": "2014-06-12T18:17:23.767Z", 
        "object_repr": "Denegado", 
        "object_id": "4", 
        "change_message": "", 
        "user": 1, 
        "content_type": 34
    }
},
{
    "pk": 5, 
    "model": "admin.logentry", 
    "fields": {
        "action_flag": 1, 
        "action_time": "2014-06-12T18:18:43.767Z", 
        "object_repr": "Suspendido", 
        "object_id": "5", 
        "change_message": "", 
        "user": 1, 
        "content_type": 34
    }
},
{
    "pk": 6, 
    "model": "admin.logentry", 
    "fields": {
        "action_flag": 1, 
        "action_time": "2014-06-12T18:18:53.543Z", 
        "object_repr": "Revocado", 
        "object_id": "6", 
        "change_message": "", 
        "user": 1, 
        "content_type": 34
    }
},
{
    "pk": 7, 
    "model": "admin.logentry", 
    "fields": {
        "action_flag": 1, 
        "action_time": "2014-06-12T18:20:08.972Z", 
        "object_repr": "Retirado", 
        "object_id": "7", 
        "change_message": "", 
        "user": 1, 
        "content_type": 34
    }
},
{
    "pk": 8, 
    "model": "admin.logentry", 
    "fields": {
        "action_flag": 2, 
        "action_time": "2014-06-12T18:21:06.252Z", 
        "object_repr": "Inscrito", 
        "object_id": "1", 
        "change_message": "Modificado/a nombre.", 
        "user": 1, 
        "content_type": 34
    }
},
{
    "pk": 9, 
    "model": "admin.logentry", 
    "fields": {
        "action_flag": 1, 
        "action_time": "2014-06-16T14:31:30.309Z", 
        "object_repr": "19276008 D\u00edaz Axel", 
        "object_id": "1", 
        "change_message": "", 
        "user": 1, 
        "content_type": 35
    }
},
{
    "pk": 10, 
    "model": "admin.logentry", 
    "fields": {
        "action_flag": 2, 
        "action_time": "2014-06-16T14:31:46.213Z", 
        "object_repr": "axelio", 
        "object_id": "1", 
        "change_message": "A\u00f1adido/a \"Axel D\u00edaz\" Usuario.", 
        "user": 1, 
        "content_type": 4
    }
},
{
    "pk": 11, 
    "model": "admin.logentry", 
    "fields": {
        "action_flag": 1, 
        "action_time": "2014-06-16T14:32:14.324Z", 
        "object_repr": "1234567 opera operador", 
        "object_id": "2", 
        "change_message": "", 
        "user": 1, 
        "content_type": 35
    }
},
{
    "pk": 12, 
    "model": "admin.logentry", 
    "fields": {
        "action_flag": 1, 
        "action_time": "2014-06-16T14:32:15.300Z", 
        "object_repr": "operador", 
        "object_id": "2", 
        "change_message": "", 
        "user": 1, 
        "content_type": 4
    }
},
{
    "pk": 13, 
    "model": "admin.logentry", 
    "fields": {
        "action_flag": 2, 
        "action_time": "2014-06-16T14:42:11.792Z", 
        "object_repr": "operador", 
        "object_id": "2", 
        "change_message": "Modificado/a groups.", 
        "user": 1, 
        "content_type": 4
    }
},
{
    "pk": 14, 
    "model": "admin.logentry", 
    "fields": {
        "action_flag": 1, 
        "action_time": "2014-09-22T14:58:57.626Z", 
        "object_repr": "superuser", 
        "object_id": "4", 
        "change_message": "", 
        "user": 1, 
        "content_type": 4
    }
},
{
    "pk": 15, 
    "model": "admin.logentry", 
    "fields": {
        "action_flag": 2, 
        "action_time": "2014-09-22T14:59:04.062Z", 
        "object_repr": "superuser", 
        "object_id": "4", 
        "change_message": "Modificado/a is_staff y is_superuser.", 
        "user": 1, 
        "content_type": 4
    }
},
{
    "pk": 16, 
    "model": "admin.logentry", 
    "fields": {
        "action_flag": 2, 
        "action_time": "2014-09-22T15:00:38.002Z", 
        "object_repr": "TSU", 
        "object_id": "7", 
        "change_message": "Modificado/a tipo_puntaje.", 
        "user": 4, 
        "content_type": 20
    }
},
{
    "pk": 17, 
    "model": "admin.logentry", 
    "fields": {
        "action_flag": 2, 
        "action_time": "2014-09-22T15:00:56.917Z", 
        "object_repr": "Profesional universitario", 
        "object_id": "8", 
        "change_message": "Modificado/a tipo_puntaje.", 
        "user": 4, 
        "content_type": 20
    }
},
{
    "pk": 18, 
    "model": "admin.logentry", 
    "fields": {
        "action_flag": 2, 
        "action_time": "2014-09-22T15:01:07.364Z", 
        "object_repr": "Especialidad", 
        "object_id": "9", 
        "change_message": "Modificado/a tipo_puntaje.", 
        "user": 4, 
        "content_type": 20
    }
},
{
    "pk": 19, 
    "model": "admin.logentry", 
    "fields": {
        "action_flag": 2, 
        "action_time": "2014-09-22T15:01:16.386Z", 
        "object_repr": "Maestr\u00eda", 
        "object_id": "10", 
        "change_message": "Modificado/a tipo_puntaje.", 
        "user": 4, 
        "content_type": 20
    }
},
{
    "pk": 20, 
    "model": "admin.logentry", 
    "fields": {
        "action_flag": 2, 
        "action_time": "2014-09-22T15:01:23.517Z", 
        "object_repr": "Doctorado", 
        "object_id": "11", 
        "change_message": "Modificado/a tipo_puntaje.", 
        "user": 4, 
        "content_type": 20
    }
},
{
    "pk": 21, 
    "model": "admin.logentry", 
    "fields": {
        "action_flag": 2, 
        "action_time": "2014-09-22T15:01:28.980Z", 
        "object_repr": "Redes, telecomunicaciones ", 
        "object_id": "1", 
        "change_message": "Modificado/a tipo_puntaje.", 
        "user": 4, 
        "content_type": 20
    }
},
{
    "pk": 22, 
    "model": "admin.logentry", 
    "fields": {
        "action_flag": 2, 
        "action_time": "2014-09-22T15:01:35.107Z", 
        "object_repr": "Equipamiento TIC, instalaci\u00f3n, configuraci\u00f3n y mantenimiento de equipos TIC ", 
        "object_id": "2", 
        "change_message": "Modificado/a tipo_puntaje.", 
        "user": 4, 
        "content_type": 20
    }
},
{
    "pk": 23, 
    "model": "admin.logentry", 
    "fields": {
        "action_flag": 2, 
        "action_time": "2014-09-22T15:01:41.005Z", 
        "object_repr": "Desarrollo, mantenimiento, instalaci\u00f3n y configuraci\u00f3n de sistemas y aplicaciones", 
        "object_id": "3", 
        "change_message": "Modificado/a tipo_puntaje.", 
        "user": 4, 
        "content_type": 20
    }
},
{
    "pk": 24, 
    "model": "admin.logentry", 
    "fields": {
        "action_flag": 2, 
        "action_time": "2014-09-22T15:01:47.549Z", 
        "object_repr": "Riesgo, seguridad de la informaci\u00f3n, control y auditor\u00eda TIC", 
        "object_id": "4", 
        "change_message": "Modificado/a tipo_puntaje.", 
        "user": 4, 
        "content_type": 20
    }
},
{
    "pk": 25, 
    "model": "admin.logentry", 
    "fields": {
        "action_flag": 2, 
        "action_time": "2014-09-22T15:01:53.789Z", 
        "object_repr": "Infraestructura de clave p\u00fablica", 
        "object_id": "5", 
        "change_message": "Modificado/a tipo_puntaje.", 
        "user": 4, 
        "content_type": 20
    }
},
{
    "pk": 26, 
    "model": "admin.logentry", 
    "fields": {
        "action_flag": 2, 
        "action_time": "2014-09-22T15:02:01.809Z", 
        "object_repr": "Organizaci\u00f3n y sistemas, procesos, normas y procedimientos", 
        "object_id": "6", 
        "change_message": "Modificado/a tipo_puntaje.", 
        "user": 4, 
        "content_type": 20
    }
},
{
    "pk": 27, 
    "model": "admin.logentry", 
    "fields": {
        "action_flag": 2, 
        "action_time": "2014-09-22T15:02:13.487Z", 
        "object_repr": "Normas, est\u00e1ndares y mejores pr\u00e1cticas en TIC, certificaci\u00f3n de datos y firmas electr\u00f3nicas", 
        "object_id": "26", 
        "change_message": "Modificado/a tipo_puntaje.", 
        "user": 4, 
        "content_type": 20
    }
},
{
    "pk": 28, 
    "model": "admin.logentry", 
    "fields": {
        "action_flag": 2, 
        "action_time": "2014-09-22T15:02:25.153Z", 
        "object_repr": "Bases de datos y administraci\u00f3n de datos", 
        "object_id": "12", 
        "change_message": "Modificado/a tipo_puntaje.", 
        "user": 4, 
        "content_type": 20
    }
},
{
    "pk": 29, 
    "model": "admin.logentry", 
    "fields": {
        "action_flag": 2, 
        "action_time": "2014-09-22T15:02:33.504Z", 
        "object_repr": "Planificaci\u00f3n de la gesti\u00f3n de \u00e1reas TIC", 
        "object_id": "13", 
        "change_message": "Modificado/a tipo_puntaje.", 
        "user": 4, 
        "content_type": 20
    }
},
{
    "pk": 30, 
    "model": "admin.logentry", 
    "fields": {
        "action_flag": 2, 
        "action_time": "2014-09-22T15:02:39.776Z", 
        "object_repr": "Gesti\u00f3n de proyectos TIC", 
        "object_id": "14", 
        "change_message": "Modificado/a tipo_puntaje.", 
        "user": 4, 
        "content_type": 20
    }
},
{
    "pk": 31, 
    "model": "admin.logentry", 
    "fields": {
        "action_flag": 2, 
        "action_time": "2014-09-22T15:02:46.833Z", 
        "object_repr": "Calidad de la infraestructura y componentes TIC, calidad de gesti\u00f3n en TIC, niveles de   servicios con uso de las TIC", 
        "object_id": "15", 
        "change_message": "Modificado/a tipo_puntaje.", 
        "user": 4, 
        "content_type": 20
    }
},
{
    "pk": 32, 
    "model": "admin.logentry", 
    "fields": {
        "action_flag": 2, 
        "action_time": "2014-09-22T15:02:54.048Z", 
        "object_repr": "Administraci\u00f3n y configuraci\u00f3n de ambientes y de los sistemas operativos", 
        "object_id": "16", 
        "change_message": "Modificado/a tipo_puntaje.", 
        "user": 4, 
        "content_type": 20
    }
},
{
    "pk": 33, 
    "model": "admin.logentry", 
    "fields": {
        "action_flag": 2, 
        "action_time": "2014-09-22T15:03:00.936Z", 
        "object_repr": "Normas, est\u00e1ndares y mejores pr\u00e1cticas en auditor\u00eda TIC", 
        "object_id": "17", 
        "change_message": "Modificado/a tipo_puntaje.", 
        "user": 4, 
        "content_type": 20
    }
},
{
    "pk": 34, 
    "model": "admin.logentry", 
    "fields": {
        "action_flag": 2, 
        "action_time": "2014-09-22T15:03:07.468Z", 
        "object_repr": "Marco legal y normativo que rige las TIC y SCDFE en la RBV", 
        "object_id": "18", 
        "change_message": "Modificado/a tipo_puntaje.", 
        "user": 4, 
        "content_type": 20
    }
},
{
    "pk": 35, 
    "model": "admin.logentry", 
    "fields": {
        "action_flag": 2, 
        "action_time": "2014-09-22T15:03:13.201Z", 
        "object_repr": "Participaci\u00f3n como asistente o ponente en conferencias o seminarios en \u00e1reas inherentes    a: Sistemas, inform\u00e1tica, computaci\u00f3n o afines a las TIC", 
        "object_id": "19", 
        "change_message": "Modificado/a tipo_puntaje.", 
        "user": 4, 
        "content_type": 20
    }
},
{
    "pk": 36, 
    "model": "admin.logentry", 
    "fields": {
        "action_flag": 2, 
        "action_time": "2014-09-22T15:03:19.170Z", 
        "object_repr": "Certificaciones nacionales en TIC", 
        "object_id": "20", 
        "change_message": "Modificado/a tipo_puntaje.", 
        "user": 4, 
        "content_type": 20
    }
},
{
    "pk": 37, 
    "model": "admin.logentry", 
    "fields": {
        "action_flag": 2, 
        "action_time": "2014-09-22T15:03:28.091Z", 
        "object_repr": "Certificaciones internacionales en TIC", 
        "object_id": "21", 
        "change_message": "Modificado/a tipo_puntaje.", 
        "user": 4, 
        "content_type": 20
    }
},
{
    "pk": 38, 
    "model": "admin.logentry", 
    "fields": {
        "action_flag": 2, 
        "action_time": "2014-09-22T15:03:37.781Z", 
        "object_repr": "Certificaciones nacionales como auditores TIC", 
        "object_id": "22", 
        "change_message": "Modificado/a tipo_puntaje.", 
        "user": 4, 
        "content_type": 20
    }
},
{
    "pk": 39, 
    "model": "admin.logentry", 
    "fields": {
        "action_flag": 2, 
        "action_time": "2014-09-22T15:03:47.331Z", 
        "object_repr": "Certificaciones nacionales en TIC", 
        "object_id": "20", 
        "change_message": "No ha cambiado ning\u00fan campo.", 
        "user": 4, 
        "content_type": 20
    }
},
{
    "pk": 40, 
    "model": "admin.logentry", 
    "fields": {
        "action_flag": 2, 
        "action_time": "2014-09-22T15:03:54.196Z", 
        "object_repr": "Certificaciones internacionales como auditores TIC", 
        "object_id": "23", 
        "change_message": "Modificado/a tipo_puntaje.", 
        "user": 4, 
        "content_type": 20
    }
},
{
    "pk": 41, 
    "model": "admin.logentry", 
    "fields": {
        "action_flag": 2, 
        "action_time": "2014-09-22T15:04:00.766Z", 
        "object_repr": "Experiencias en otros auditor\u00eda", 
        "object_id": "30", 
        "change_message": "Modificado/a tipo_puntaje.", 
        "user": 4, 
        "content_type": 20
    }
},
{
    "pk": 42, 
    "model": "admin.logentry", 
    "fields": {
        "action_flag": 2, 
        "action_time": "2014-09-22T15:04:07.070Z", 
        "object_repr": "Experiencia en auditor\u00eda en infraestructura de clave p\u00fablica", 
        "object_id": "29", 
        "change_message": "Modificado/a tipo_puntaje.", 
        "user": 4, 
        "content_type": 20
    }
},
{
    "pk": 43, 
    "model": "admin.logentry", 
    "fields": {
        "action_flag": 2, 
        "action_time": "2014-09-22T15:04:13.940Z", 
        "object_repr": "Experiencia en auditor\u00edas especializadas en seguridad de la informaci\u00f3n", 
        "object_id": "28", 
        "change_message": "Modificado/a tipo_puntaje.", 
        "user": 4, 
        "content_type": 20
    }
},
{
    "pk": 44, 
    "model": "admin.logentry", 
    "fields": {
        "action_flag": 2, 
        "action_time": "2014-09-22T15:04:21.212Z", 
        "object_repr": "Experiencia en auditor\u00eda en TIC", 
        "object_id": "27", 
        "change_message": "Modificado/a tipo_puntaje.", 
        "user": 4, 
        "content_type": 20
    }
},
{
    "pk": 45, 
    "model": "admin.logentry", 
    "fields": {
        "action_flag": 2, 
        "action_time": "2014-09-22T15:04:28.262Z", 
        "object_repr": "Certificaciones internacionales en seguridad TIC", 
        "object_id": "25", 
        "change_message": "Modificado/a tipo_puntaje.", 
        "user": 4, 
        "content_type": 20
    }
},
{
    "pk": 46, 
    "model": "admin.logentry", 
    "fields": {
        "action_flag": 2, 
        "action_time": "2014-09-22T15:04:34.454Z", 
        "object_repr": "Certificaciones nacionales en seguridad TIC", 
        "object_id": "24", 
        "change_message": "Modificado/a tipo_puntaje.", 
        "user": 4, 
        "content_type": 20
    }
}
]
